ARM GAS  /var/folders/np/cy0ytwg113sbchhj8slf0nc00000gn/T//ccTdDOwl.s 			page 1


   1              		.cpu cortex-m4
   2              		.arch armv7e-m
   3              		.fpu fpv4-sp-d16
   4              		.eabi_attribute 27, 1
   5              		.eabi_attribute 28, 1
   6              		.eabi_attribute 20, 1
   7              		.eabi_attribute 21, 1
   8              		.eabi_attribute 23, 3
   9              		.eabi_attribute 24, 1
  10              		.eabi_attribute 25, 1
  11              		.eabi_attribute 26, 1
  12              		.eabi_attribute 30, 1
  13              		.eabi_attribute 34, 1
  14              		.eabi_attribute 18, 4
  15              		.file	"main.c"
  16              		.text
  17              	.Ltext0:
  18              		.cfi_sections	.debug_frame
  19              		.file 1 "Core/Src/main.c"
  20              		.section	.text.MX_GPIO_Init,"ax",%progbits
  21              		.align	1
  22              		.syntax unified
  23              		.thumb
  24              		.thumb_func
  26              	MX_GPIO_Init:
  27              	.LFB142:
   1:Core/Src/main.c **** /* USER CODE BEGIN Header */
   2:Core/Src/main.c **** /**
   3:Core/Src/main.c ****   ******************************************************************************
   4:Core/Src/main.c ****   * @file           : main.c
   5:Core/Src/main.c ****   * @brief          : Main program body
   6:Core/Src/main.c ****   ******************************************************************************
   7:Core/Src/main.c ****   * @attention
   8:Core/Src/main.c ****   *
   9:Core/Src/main.c ****   * Copyright (c) 2025 STMicroelectronics.
  10:Core/Src/main.c ****   * All rights reserved.
  11:Core/Src/main.c ****   *
  12:Core/Src/main.c ****   * This software is licensed under terms that can be found in the LICENSE file
  13:Core/Src/main.c ****   * in the root directory of this software component.
  14:Core/Src/main.c ****   * If no LICENSE file comes with this software, it is provided AS-IS.
  15:Core/Src/main.c ****   *
  16:Core/Src/main.c ****   ******************************************************************************
  17:Core/Src/main.c ****   */
  18:Core/Src/main.c **** /* USER CODE END Header */
  19:Core/Src/main.c **** /* Includes ------------------------------------------------------------------*/
  20:Core/Src/main.c **** #include "main.h"
  21:Core/Src/main.c **** 
  22:Core/Src/main.c **** /* Private includes ----------------------------------------------------------*/
  23:Core/Src/main.c **** /* USER CODE BEGIN Includes */
  24:Core/Src/main.c **** #include <stdio.h>
  25:Core/Src/main.c **** #include "stm32f4xx.h"
  26:Core/Src/main.c **** #include "lcd_stm32f4.h"
  27:Core/Src/main.c **** /* USER CODE END Includes */
  28:Core/Src/main.c **** 
  29:Core/Src/main.c **** /* Private typedef -----------------------------------------------------------*/
  30:Core/Src/main.c **** /* USER CODE BEGIN PTD */
  31:Core/Src/main.c **** 
ARM GAS  /var/folders/np/cy0ytwg113sbchhj8slf0nc00000gn/T//ccTdDOwl.s 			page 2


  32:Core/Src/main.c **** /* USER CODE END PTD */
  33:Core/Src/main.c **** 
  34:Core/Src/main.c **** /* Private define ------------------------------------------------------------*/
  35:Core/Src/main.c **** /* USER CODE BEGIN PD */
  36:Core/Src/main.c **** // TODO: Add values for below variables
  37:Core/Src/main.c **** #define NS 256       // Number of samples in LUT
  38:Core/Src/main.c **** #define TIM2CLK 16000000  // STM Clock frequency: Hint You might want to check the ioc file
  39:Core/Src/main.c **** #define F_SIGNAL 1000 // Frequency of output analog signal
  40:Core/Src/main.c **** 
  41:Core/Src/main.c **** /* USER CODE END PD */
  42:Core/Src/main.c **** 
  43:Core/Src/main.c **** /* Private macro -------------------------------------------------------------*/
  44:Core/Src/main.c **** /* USER CODE BEGIN PM */
  45:Core/Src/main.c **** 
  46:Core/Src/main.c **** /* USER CODE END PM */
  47:Core/Src/main.c **** 
  48:Core/Src/main.c **** /* Private variables ---------------------------------------------------------*/
  49:Core/Src/main.c **** TIM_HandleTypeDef htim2;
  50:Core/Src/main.c **** TIM_HandleTypeDef htim3;
  51:Core/Src/main.c **** DMA_HandleTypeDef hdma_tim2_ch1;
  52:Core/Src/main.c **** 
  53:Core/Src/main.c **** /* USER CODE BEGIN PV */
  54:Core/Src/main.c **** // TODO: Add code for global variables, including LUTs
  55:Core/Src/main.c **** 
  56:Core/Src/main.c **** uint32_t Sin_LUT = {
  57:Core/Src/main.c **** 		2048, 2098, 2148, 2198, 2248, 2298, 2348, 2398,
  58:Core/Src/main.c **** 		2447, 2496, 2545, 2594, 2642, 2690, 2737, 2784, 2831, 2877, 2923, 2968,
  59:Core/Src/main.c **** 		3013, 3057, 3100, 3143, 3185, 3226, 3267, 3307, 3346, 3385, 3423, 3459,
  60:Core/Src/main.c **** 		3495, 3530, 3565, 3598, 3630, 3662, 3692, 3722, 3750, 3777, 3804, 3829,
  61:Core/Src/main.c **** 		3853, 3876, 3898, 3919, 3939, 3958, 3975, 3992, 4007, 4021, 4034, 4045,
  62:Core/Src/main.c **** 		4056, 4065, 4073, 4080, 4085, 4089, 4093, 4094, 4095, 4094, 4093, 4089,
  63:Core/Src/main.c **** 		4085, 4080, 4073, 4065, 4056, 4045, 4034, 4021, 4007, 3992, 3975, 3958,
  64:Core/Src/main.c **** 		3939, 3919, 3898, 3876, 3853, 3829, 3804, 3777, 3750, 3722, 3692, 3662,
  65:Core/Src/main.c **** 		3630, 3598, 3565, 3530, 3495, 3459, 3423, 3385, 3346, 3307, 3267, 3226,
  66:Core/Src/main.c **** 		3185, 3143, 3100, 3057, 3013, 2968, 2923, 2877, 2831, 2784, 2737, 2690,
  67:Core/Src/main.c **** 		2642, 2594, 2545, 2496, 2447, 2398, 2348, 2298, 2248, 2198, 2148, 2098,
  68:Core/Src/main.c **** 		2048, 1997, 1947, 1897, 1847, 1797, 1747, 1697, 1648, 1599, 1550, 1501,
  69:Core/Src/main.c **** 		1453, 1405, 1358, 1311, 1264, 1218, 1172, 1127, 1082, 1038, 995, 952,
  70:Core/Src/main.c **** 		910, 869, 828, 788, 749, 710, 672, 636, 600, 565, 530, 497, 465, 433,
  71:Core/Src/main.c **** 		403, 373, 345, 318, 291, 266, 242, 219, 197, 176, 156, 137, 120, 103,
  72:Core/Src/main.c **** 		88, 74, 61, 50, 39, 30, 22, 15, 10, 6, 2, 1, 0, 1, 2, 6, 10, 15, 22,
  73:Core/Src/main.c **** 		30, 39, 50, 61, 74, 88, 103, 120, 137, 156, 176, 197, 219, 242, 266,
  74:Core/Src/main.c **** 		291, 318, 345, 373, 403, 433, 465, 497, 530, 565, 600, 636, 672, 710,
  75:Core/Src/main.c **** 		749, 788, 828, 869, 910, 952, 995, 1038, 1082, 1127, 1172, 1218, 1264,
  76:Core/Src/main.c **** 		1311, 1358, 1405, 1453, 1501, 1550, 1599, 1648, 1697, 1747, 1797, 1847,
  77:Core/Src/main.c **** 		1897, 1947, 1997
  78:Core/Src/main.c **** 	};
  79:Core/Src/main.c **** 
  80:Core/Src/main.c **** uint32_t Saw_LUT = {
  81:Core/Src/main.c **** 		0, 16, 32, 48, 64, 80, 96, 112, 128, 144,
  82:Core/Src/main.c **** 		160, 176, 192, 208, 224, 240, 256, 272, 288, 304, 320, 336, 352, 368,
  83:Core/Src/main.c **** 		384, 400, 416, 432, 448, 464, 480, 496, 512, 528, 544, 560, 576, 592,
  84:Core/Src/main.c **** 		608, 624, 640, 656, 672, 688, 704, 720, 736, 752, 768, 784, 800, 816,
  85:Core/Src/main.c **** 		832, 848, 864, 880, 896, 912, 928, 944, 960, 976, 992, 1008, 1024, 1040,
  86:Core/Src/main.c **** 		1056, 1072, 1088, 1104, 1120, 1136, 1152, 1168, 1184, 1200, 1216, 1232,
  87:Core/Src/main.c **** 		1248, 1264, 1280, 1296, 1312, 1328, 1344, 1360, 1376, 1392, 1408, 1424,
  88:Core/Src/main.c **** 		1440, 1456, 1472, 1488, 1504, 1520, 1536, 1552, 1568, 1584, 1600, 1616,
ARM GAS  /var/folders/np/cy0ytwg113sbchhj8slf0nc00000gn/T//ccTdDOwl.s 			page 3


  89:Core/Src/main.c **** 		1632, 1648, 1664, 1680, 1696, 1712, 1728, 1744, 1760, 1776, 1792, 1808,
  90:Core/Src/main.c **** 		1824, 1840, 1856, 1872, 1888, 1904, 1920, 1936, 1952, 1968, 1984, 2000,
  91:Core/Src/main.c **** 		2016, 2032, 2048, 2063, 2079, 2095, 2111, 2127, 2143, 2159, 2175, 2191,
  92:Core/Src/main.c **** 		2207, 2223, 2239, 2255, 2271, 2287, 2303, 2319, 2335, 2351, 2367, 2383,
  93:Core/Src/main.c **** 		2399, 2415, 2431, 2447, 2463, 2479, 2495, 2511, 2527, 2543, 2559, 2575,
  94:Core/Src/main.c **** 		2591, 2607, 2623, 2639, 2655, 2671, 2687, 2703, 2719, 2735, 2751, 2767,
  95:Core/Src/main.c **** 		2783, 2799, 2815, 2831, 2847, 2863, 2879, 2895, 2911, 2927, 2943, 2959,
  96:Core/Src/main.c **** 		2975, 2991, 3007, 3023, 3039, 3055, 3071, 3087, 3103, 3119, 3135, 3151,
  97:Core/Src/main.c **** 		3167, 3183, 3199, 3215, 3231, 3247, 3263, 3279, 3295, 3311, 3327, 3343,
  98:Core/Src/main.c **** 		3359, 3375, 3391, 3407, 3423, 3439, 3455, 3471, 3487, 3503, 3519, 3535,
  99:Core/Src/main.c **** 		3551, 3567, 3583, 3599, 3615, 3631, 3647, 3663, 3679, 3695, 3711, 3727,
 100:Core/Src/main.c **** 		3743, 3759, 3775, 3791, 3807, 3823, 3839, 3855, 3871, 3887, 3903, 3919,
 101:Core/Src/main.c **** 		3935, 3951, 3967, 3983, 3999, 4015, 4031, 4047, 4063, 4079
 102:Core/Src/main.c **** 	};
 103:Core/Src/main.c **** 
 104:Core/Src/main.c **** uint32_t Triangle_LUT = {
 105:Core/Src/main.c **** 		0, 32, 64, 96, 128, 160, 192, 224, 256, 288,
 106:Core/Src/main.c **** 		320, 352, 384, 416, 448, 480, 512, 544, 576, 608, 640, 672, 704, 736,
 107:Core/Src/main.c **** 		768, 800, 832, 864, 896, 928, 960, 992, 1024, 1056, 1088, 1120, 1152,
 108:Core/Src/main.c **** 		1184, 1216, 1248, 1280, 1312, 1344, 1376, 1408, 1440, 1472, 1504, 1536,
 109:Core/Src/main.c **** 		1568, 1600, 1632, 1664, 1696, 1728, 1760, 1792, 1824, 1856, 1888, 1920,
 110:Core/Src/main.c **** 		1952, 1984, 2016, 2048, 2079, 2111, 2143, 2175, 2207, 2239, 2271, 2303,
 111:Core/Src/main.c **** 		2335, 2367, 2399, 2431, 2463, 2495, 2527, 2559, 2591, 2623, 2655, 2687,
 112:Core/Src/main.c **** 		2719, 2751, 2783, 2815, 2847, 2879, 2911, 2943, 2975, 3007, 3039, 3071,
 113:Core/Src/main.c **** 		3103, 3135, 3167, 3199, 3231, 3263, 3295, 3327, 3359, 3391, 3423, 3455,
 114:Core/Src/main.c **** 		3487, 3519, 3551, 3583, 3615, 3647, 3679, 3711, 3743, 3775, 3807, 3839,
 115:Core/Src/main.c **** 		3871, 3903, 3935, 3967, 3999, 4031, 4063, 4095, 4063, 4031, 3999, 3967,
 116:Core/Src/main.c **** 		3935, 3903, 3871, 3839, 3807, 3775, 3743, 3711, 3679, 3647, 3615, 3583,
 117:Core/Src/main.c **** 		3551, 3519, 3487, 3455, 3423, 3391, 3359, 3327, 3295, 3263, 3231, 3199,
 118:Core/Src/main.c **** 		3167, 3135, 3103, 3071, 3039, 3007, 2975, 2943, 2911, 2879, 2847, 2815,
 119:Core/Src/main.c **** 		2783, 2751, 2719, 2687, 2655, 2623, 2591, 2559, 2527, 2495, 2463, 2431,
 120:Core/Src/main.c **** 		2399, 2367, 2335, 2303, 2271, 2239, 2207, 2175, 2143, 2111, 2079, 2048,
 121:Core/Src/main.c **** 		2016, 1984, 1952, 1920, 1888, 1856, 1824, 1792, 1760, 1728, 1696, 1664,
 122:Core/Src/main.c **** 		1632, 1600, 1568, 1536, 1504, 1472, 1440, 1408, 1376, 1344, 1312, 1280,
 123:Core/Src/main.c **** 		1248, 1216, 1184, 1152, 1120, 1088, 1056, 1024, 992, 960, 928, 896, 864,
 124:Core/Src/main.c **** 		832, 800, 768, 736, 704, 672, 640, 608, 576, 544, 512, 480, 448, 416,
 125:Core/Src/main.c **** 		384, 352, 320, 288, 256, 224, 192, 160, 128, 96, 64, 32
 126:Core/Src/main.c **** 	};
 127:Core/Src/main.c **** 
 128:Core/Src/main.c **** uint32_t Piano_LUT = {};
 129:Core/Src/main.c **** uint32_t Guitar_LUT = {};
 130:Core/Src/main.c **** uint32_t Drum_LUT = {};
 131:Core/Src/main.c **** 
 132:Core/Src/main.c **** 
 133:Core/Src/main.c **** 
 134:Core/Src/main.c **** 
 135:Core/Src/main.c **** 
 136:Core/Src/main.c **** // TODO: Equation to calculate TIM2_Ticks
 137:Core/Src/main.c **** uint32_t TIM2_Ticks = (uint32_t) (TIM2CLK / (NS*F_SIGNAL)); // How often to write new LUT value
 138:Core/Src/main.c **** uint32_t DestAddress = (uint32_t) &(TIM3->CCR3); // Write LUT TO TIM3->CCR3 to modify PWM duty cycl
 139:Core/Src/main.c **** 
 140:Core/Src/main.c **** 
 141:Core/Src/main.c **** /* USER CODE END PV */
 142:Core/Src/main.c **** 
 143:Core/Src/main.c **** /* Private function prototypes -----------------------------------------------*/
 144:Core/Src/main.c **** void SystemClock_Config(void);
 145:Core/Src/main.c **** static void MX_GPIO_Init(void);
ARM GAS  /var/folders/np/cy0ytwg113sbchhj8slf0nc00000gn/T//ccTdDOwl.s 			page 4


 146:Core/Src/main.c **** static void MX_DMA_Init(void);
 147:Core/Src/main.c **** static void MX_TIM2_Init(void);
 148:Core/Src/main.c **** static void MX_TIM3_Init(void);
 149:Core/Src/main.c **** /* USER CODE BEGIN PFP */
 150:Core/Src/main.c **** void EXTI0_IRQHandler(void);
 151:Core/Src/main.c **** /* USER CODE END PFP */
 152:Core/Src/main.c **** 
 153:Core/Src/main.c **** /* Private user code ---------------------------------------------------------*/
 154:Core/Src/main.c **** /* USER CODE BEGIN 0 */
 155:Core/Src/main.c **** 
 156:Core/Src/main.c **** /* USER CODE END 0 */
 157:Core/Src/main.c **** 
 158:Core/Src/main.c **** /**
 159:Core/Src/main.c ****   * @brief  The application entry point.
 160:Core/Src/main.c ****   * @retval int
 161:Core/Src/main.c ****   */
 162:Core/Src/main.c **** int main(void)
 163:Core/Src/main.c **** {
 164:Core/Src/main.c **** 
 165:Core/Src/main.c ****   /* USER CODE BEGIN 1 */
 166:Core/Src/main.c **** 
 167:Core/Src/main.c ****   /* USER CODE END 1 */
 168:Core/Src/main.c **** 
 169:Core/Src/main.c ****   /* MCU Configuration--------------------------------------------------------*/
 170:Core/Src/main.c **** 
 171:Core/Src/main.c ****   /* Reset of all peripherals, Initializes the Flash interface and the Systick. */
 172:Core/Src/main.c ****   HAL_Init();
 173:Core/Src/main.c **** 
 174:Core/Src/main.c ****   /* USER CODE BEGIN Init */
 175:Core/Src/main.c **** 
 176:Core/Src/main.c ****   /* USER CODE END Init */
 177:Core/Src/main.c **** 
 178:Core/Src/main.c ****   /* Configure the system clock */
 179:Core/Src/main.c ****   SystemClock_Config();
 180:Core/Src/main.c **** 
 181:Core/Src/main.c ****   /* USER CODE BEGIN SysInit */
 182:Core/Src/main.c **** 
 183:Core/Src/main.c ****   /* USER CODE END SysInit */
 184:Core/Src/main.c **** 
 185:Core/Src/main.c ****   /* Initialize all configured peripherals */
 186:Core/Src/main.c ****   MX_GPIO_Init();
 187:Core/Src/main.c ****   MX_DMA_Init();
 188:Core/Src/main.c ****   MX_TIM2_Init();
 189:Core/Src/main.c ****   MX_TIM3_Init();
 190:Core/Src/main.c ****   /* USER CODE BEGIN 2 */
 191:Core/Src/main.c ****   // TODO: Start TIM3 in PWM mode on channel 3
 192:Core/Src/main.c **** 
 193:Core/Src/main.c ****   // TODO: Start TIM2 in Output Compare (OC) mode on channel 1
 194:Core/Src/main.c **** 
 195:Core/Src/main.c ****   // TODO: Start DMA in IT mode on TIM2->CH1. Source is LUT and Dest is TIM3->CCR3; start with Sine
 196:Core/Src/main.c **** 
 197:Core/Src/main.c ****   // TODO: Write current waveform to LCD(Sine is the first waveform)
 198:Core/Src/main.c **** 
 199:Core/Src/main.c ****   // TODO: Enable DMA (start transfer from LUT to CCR)
 200:Core/Src/main.c **** 
 201:Core/Src/main.c ****   /* USER CODE END 2 */
 202:Core/Src/main.c **** 
ARM GAS  /var/folders/np/cy0ytwg113sbchhj8slf0nc00000gn/T//ccTdDOwl.s 			page 5


 203:Core/Src/main.c ****   /* Infinite loop */
 204:Core/Src/main.c ****   /* USER CODE BEGIN WHILE */
 205:Core/Src/main.c ****   while (1)
 206:Core/Src/main.c ****   {
 207:Core/Src/main.c ****     /* USER CODE END WHILE */
 208:Core/Src/main.c **** 
 209:Core/Src/main.c ****     /* USER CODE BEGIN 3 */
 210:Core/Src/main.c ****   }
 211:Core/Src/main.c ****   /* USER CODE END 3 */
 212:Core/Src/main.c **** }
 213:Core/Src/main.c **** 
 214:Core/Src/main.c **** /**
 215:Core/Src/main.c ****   * @brief System Clock Configuration
 216:Core/Src/main.c ****   * @retval None
 217:Core/Src/main.c ****   */
 218:Core/Src/main.c **** void SystemClock_Config(void)
 219:Core/Src/main.c **** {
 220:Core/Src/main.c ****   RCC_OscInitTypeDef RCC_OscInitStruct = {0};
 221:Core/Src/main.c ****   RCC_ClkInitTypeDef RCC_ClkInitStruct = {0};
 222:Core/Src/main.c **** 
 223:Core/Src/main.c ****   /** Configure the main internal regulator output voltage
 224:Core/Src/main.c ****   */
 225:Core/Src/main.c ****   __HAL_RCC_PWR_CLK_ENABLE();
 226:Core/Src/main.c ****   __HAL_PWR_VOLTAGESCALING_CONFIG(PWR_REGULATOR_VOLTAGE_SCALE3);
 227:Core/Src/main.c **** 
 228:Core/Src/main.c ****   /** Initializes the RCC Oscillators according to the specified parameters
 229:Core/Src/main.c ****   * in the RCC_OscInitTypeDef structure.
 230:Core/Src/main.c ****   */
 231:Core/Src/main.c ****   RCC_OscInitStruct.OscillatorType = RCC_OSCILLATORTYPE_HSI;
 232:Core/Src/main.c ****   RCC_OscInitStruct.HSIState = RCC_HSI_ON;
 233:Core/Src/main.c ****   RCC_OscInitStruct.HSICalibrationValue = RCC_HSICALIBRATION_DEFAULT;
 234:Core/Src/main.c ****   RCC_OscInitStruct.PLL.PLLState = RCC_PLL_NONE;
 235:Core/Src/main.c ****   if (HAL_RCC_OscConfig(&RCC_OscInitStruct) != HAL_OK)
 236:Core/Src/main.c ****   {
 237:Core/Src/main.c ****     Error_Handler();
 238:Core/Src/main.c ****   }
 239:Core/Src/main.c **** 
 240:Core/Src/main.c ****   /** Initializes the CPU, AHB and APB buses clocks
 241:Core/Src/main.c ****   */
 242:Core/Src/main.c ****   RCC_ClkInitStruct.ClockType = RCC_CLOCKTYPE_HCLK|RCC_CLOCKTYPE_SYSCLK
 243:Core/Src/main.c ****                               |RCC_CLOCKTYPE_PCLK1|RCC_CLOCKTYPE_PCLK2;
 244:Core/Src/main.c ****   RCC_ClkInitStruct.SYSCLKSource = RCC_SYSCLKSOURCE_HSI;
 245:Core/Src/main.c ****   RCC_ClkInitStruct.AHBCLKDivider = RCC_SYSCLK_DIV1;
 246:Core/Src/main.c ****   RCC_ClkInitStruct.APB1CLKDivider = RCC_HCLK_DIV1;
 247:Core/Src/main.c ****   RCC_ClkInitStruct.APB2CLKDivider = RCC_HCLK_DIV1;
 248:Core/Src/main.c **** 
 249:Core/Src/main.c ****   if (HAL_RCC_ClockConfig(&RCC_ClkInitStruct, FLASH_LATENCY_0) != HAL_OK)
 250:Core/Src/main.c ****   {
 251:Core/Src/main.c ****     Error_Handler();
 252:Core/Src/main.c ****   }
 253:Core/Src/main.c **** }
 254:Core/Src/main.c **** 
 255:Core/Src/main.c **** /**
 256:Core/Src/main.c ****   * @brief TIM2 Initialization Function
 257:Core/Src/main.c ****   * @param None
 258:Core/Src/main.c ****   * @retval None
 259:Core/Src/main.c ****   */
ARM GAS  /var/folders/np/cy0ytwg113sbchhj8slf0nc00000gn/T//ccTdDOwl.s 			page 6


 260:Core/Src/main.c **** static void MX_TIM2_Init(void)
 261:Core/Src/main.c **** {
 262:Core/Src/main.c **** 
 263:Core/Src/main.c ****   /* USER CODE BEGIN TIM2_Init 0 */
 264:Core/Src/main.c **** 
 265:Core/Src/main.c ****   /* USER CODE END TIM2_Init 0 */
 266:Core/Src/main.c **** 
 267:Core/Src/main.c ****   TIM_ClockConfigTypeDef sClockSourceConfig = {0};
 268:Core/Src/main.c ****   TIM_MasterConfigTypeDef sMasterConfig = {0};
 269:Core/Src/main.c ****   TIM_OC_InitTypeDef sConfigOC = {0};
 270:Core/Src/main.c **** 
 271:Core/Src/main.c ****   /* USER CODE BEGIN TIM2_Init 1 */
 272:Core/Src/main.c **** 
 273:Core/Src/main.c ****   /* USER CODE END TIM2_Init 1 */
 274:Core/Src/main.c ****   htim2.Instance = TIM2;
 275:Core/Src/main.c ****   htim2.Init.Prescaler = 0;
 276:Core/Src/main.c ****   htim2.Init.CounterMode = TIM_COUNTERMODE_UP;
 277:Core/Src/main.c ****   htim2.Init.Period = 4294967295;
 278:Core/Src/main.c ****   htim2.Init.ClockDivision = TIM_CLOCKDIVISION_DIV1;
 279:Core/Src/main.c ****   htim2.Init.AutoReloadPreload = TIM_AUTORELOAD_PRELOAD_DISABLE;
 280:Core/Src/main.c ****   if (HAL_TIM_Base_Init(&htim2) != HAL_OK)
 281:Core/Src/main.c ****   {
 282:Core/Src/main.c ****     Error_Handler();
 283:Core/Src/main.c ****   }
 284:Core/Src/main.c ****   sClockSourceConfig.ClockSource = TIM_CLOCKSOURCE_INTERNAL;
 285:Core/Src/main.c ****   if (HAL_TIM_ConfigClockSource(&htim2, &sClockSourceConfig) != HAL_OK)
 286:Core/Src/main.c ****   {
 287:Core/Src/main.c ****     Error_Handler();
 288:Core/Src/main.c ****   }
 289:Core/Src/main.c ****   if (HAL_TIM_OC_Init(&htim2) != HAL_OK)
 290:Core/Src/main.c ****   {
 291:Core/Src/main.c ****     Error_Handler();
 292:Core/Src/main.c ****   }
 293:Core/Src/main.c ****   sMasterConfig.MasterOutputTrigger = TIM_TRGO_RESET;
 294:Core/Src/main.c ****   sMasterConfig.MasterSlaveMode = TIM_MASTERSLAVEMODE_DISABLE;
 295:Core/Src/main.c ****   if (HAL_TIMEx_MasterConfigSynchronization(&htim2, &sMasterConfig) != HAL_OK)
 296:Core/Src/main.c ****   {
 297:Core/Src/main.c ****     Error_Handler();
 298:Core/Src/main.c ****   }
 299:Core/Src/main.c ****   sConfigOC.OCMode = TIM_OCMODE_TIMING;
 300:Core/Src/main.c ****   sConfigOC.Pulse = 0;
 301:Core/Src/main.c ****   sConfigOC.OCPolarity = TIM_OCPOLARITY_HIGH;
 302:Core/Src/main.c ****   sConfigOC.OCFastMode = TIM_OCFAST_DISABLE;
 303:Core/Src/main.c ****   if (HAL_TIM_OC_ConfigChannel(&htim2, &sConfigOC, TIM_CHANNEL_1) != HAL_OK)
 304:Core/Src/main.c ****   {
 305:Core/Src/main.c ****     Error_Handler();
 306:Core/Src/main.c ****   }
 307:Core/Src/main.c ****   /* USER CODE BEGIN TIM2_Init 2 */
 308:Core/Src/main.c ****   /* TIM2_CH1 DMA Init */
 309:Core/Src/main.c ****   __HAL_RCC_DMA1_CLK_ENABLE();
 310:Core/Src/main.c **** 
 311:Core/Src/main.c ****   hdma_tim2_ch1.Instance = DMA1_Stream5;
 312:Core/Src/main.c ****   hdma_tim2_ch1.Init.Channel = DMA_CHANNEL_3;         // TIM2_CH1 is on channel 3
 313:Core/Src/main.c ****   hdma_tim2_ch1.Init.Direction = DMA_MEMORY_TO_PERIPH; // Memory -> TIM3->CCR3
 314:Core/Src/main.c ****   hdma_tim2_ch1.Init.PeriphInc = DMA_PINC_DISABLE;    // Peripheral address fixed
 315:Core/Src/main.c ****   hdma_tim2_ch1.Init.MemInc = DMA_MINC_ENABLE;        // Memory address increments
 316:Core/Src/main.c ****   hdma_tim2_ch1.Init.PeriphDataAlignment = DMA_PDATAALIGN_WORD;
ARM GAS  /var/folders/np/cy0ytwg113sbchhj8slf0nc00000gn/T//ccTdDOwl.s 			page 7


 317:Core/Src/main.c ****   hdma_tim2_ch1.Init.MemDataAlignment = DMA_MDATAALIGN_WORD;
 318:Core/Src/main.c ****   hdma_tim2_ch1.Init.Mode = DMA_CIRCULAR;            // Repeat LUT automatically
 319:Core/Src/main.c ****   hdma_tim2_ch1.Init.Priority = DMA_PRIORITY_HIGH;
 320:Core/Src/main.c ****   hdma_tim2_ch1.Init.FIFOMode = DMA_FIFOMODE_DISABLE;
 321:Core/Src/main.c **** 
 322:Core/Src/main.c ****   if (HAL_DMA_Init(&hdma_tim2_ch1) != HAL_OK)
 323:Core/Src/main.c ****   {
 324:Core/Src/main.c ****       Error_Handler();
 325:Core/Src/main.c ****   }
 326:Core/Src/main.c **** 
 327:Core/Src/main.c ****   /* Link DMA handle to TIM2 handle */
 328:Core/Src/main.c ****   __HAL_LINKDMA(&htim2, hdma[TIM_DMA_ID_CC1], hdma_tim2_ch1);
 329:Core/Src/main.c ****   /* USER CODE END TIM2_Init 2 */
 330:Core/Src/main.c **** 
 331:Core/Src/main.c **** }
 332:Core/Src/main.c **** 
 333:Core/Src/main.c **** /**
 334:Core/Src/main.c ****   * @brief TIM3 Initialization Function
 335:Core/Src/main.c ****   * @param None
 336:Core/Src/main.c ****   * @retval None
 337:Core/Src/main.c ****   */
 338:Core/Src/main.c **** static void MX_TIM3_Init(void)
 339:Core/Src/main.c **** {
 340:Core/Src/main.c **** 
 341:Core/Src/main.c ****   /* USER CODE BEGIN TIM3_Init 0 */
 342:Core/Src/main.c **** 
 343:Core/Src/main.c ****   /* USER CODE END TIM3_Init 0 */
 344:Core/Src/main.c **** 
 345:Core/Src/main.c ****   TIM_ClockConfigTypeDef sClockSourceConfig = {0};
 346:Core/Src/main.c ****   TIM_MasterConfigTypeDef sMasterConfig = {0};
 347:Core/Src/main.c ****   TIM_OC_InitTypeDef sConfigOC = {0};
 348:Core/Src/main.c **** 
 349:Core/Src/main.c ****   /* USER CODE BEGIN TIM3_Init 1 */
 350:Core/Src/main.c **** 
 351:Core/Src/main.c ****   /* USER CODE END TIM3_Init 1 */
 352:Core/Src/main.c ****   htim3.Instance = TIM3;
 353:Core/Src/main.c ****   htim3.Init.Prescaler = 0;
 354:Core/Src/main.c ****   htim3.Init.CounterMode = TIM_COUNTERMODE_UP;
 355:Core/Src/main.c ****   htim3.Init.Period = 65535;
 356:Core/Src/main.c ****   htim3.Init.ClockDivision = TIM_CLOCKDIVISION_DIV1;
 357:Core/Src/main.c ****   htim3.Init.AutoReloadPreload = TIM_AUTORELOAD_PRELOAD_DISABLE;
 358:Core/Src/main.c ****   if (HAL_TIM_Base_Init(&htim3) != HAL_OK)
 359:Core/Src/main.c ****   {
 360:Core/Src/main.c ****     Error_Handler();
 361:Core/Src/main.c ****   }
 362:Core/Src/main.c ****   sClockSourceConfig.ClockSource = TIM_CLOCKSOURCE_INTERNAL;
 363:Core/Src/main.c ****   if (HAL_TIM_ConfigClockSource(&htim3, &sClockSourceConfig) != HAL_OK)
 364:Core/Src/main.c ****   {
 365:Core/Src/main.c ****     Error_Handler();
 366:Core/Src/main.c ****   }
 367:Core/Src/main.c ****   if (HAL_TIM_PWM_Init(&htim3) != HAL_OK)
 368:Core/Src/main.c ****   {
 369:Core/Src/main.c ****     Error_Handler();
 370:Core/Src/main.c ****   }
 371:Core/Src/main.c ****   sMasterConfig.MasterOutputTrigger = TIM_TRGO_RESET;
 372:Core/Src/main.c ****   sMasterConfig.MasterSlaveMode = TIM_MASTERSLAVEMODE_DISABLE;
 373:Core/Src/main.c ****   if (HAL_TIMEx_MasterConfigSynchronization(&htim3, &sMasterConfig) != HAL_OK)
ARM GAS  /var/folders/np/cy0ytwg113sbchhj8slf0nc00000gn/T//ccTdDOwl.s 			page 8


 374:Core/Src/main.c ****   {
 375:Core/Src/main.c ****     Error_Handler();
 376:Core/Src/main.c ****   }
 377:Core/Src/main.c ****   sConfigOC.OCMode = TIM_OCMODE_PWM1;
 378:Core/Src/main.c ****   sConfigOC.Pulse = 0;
 379:Core/Src/main.c ****   sConfigOC.OCPolarity = TIM_OCPOLARITY_HIGH;
 380:Core/Src/main.c ****   sConfigOC.OCFastMode = TIM_OCFAST_DISABLE;
 381:Core/Src/main.c ****   if (HAL_TIM_PWM_ConfigChannel(&htim3, &sConfigOC, TIM_CHANNEL_3) != HAL_OK)
 382:Core/Src/main.c ****   {
 383:Core/Src/main.c ****     Error_Handler();
 384:Core/Src/main.c ****   }
 385:Core/Src/main.c ****   /* USER CODE BEGIN TIM3_Init 2 */
 386:Core/Src/main.c **** 
 387:Core/Src/main.c ****   /* USER CODE END TIM3_Init 2 */
 388:Core/Src/main.c ****   HAL_TIM_MspPostInit(&htim3);
 389:Core/Src/main.c **** 
 390:Core/Src/main.c **** }
 391:Core/Src/main.c **** 
 392:Core/Src/main.c **** /**
 393:Core/Src/main.c ****   * Enable DMA controller clock
 394:Core/Src/main.c ****   */
 395:Core/Src/main.c **** static void MX_DMA_Init(void)
 396:Core/Src/main.c **** {
 397:Core/Src/main.c **** 
 398:Core/Src/main.c ****   /* DMA controller clock enable */
 399:Core/Src/main.c ****   __HAL_RCC_DMA1_CLK_ENABLE();
 400:Core/Src/main.c **** 
 401:Core/Src/main.c ****   /* DMA interrupt init */
 402:Core/Src/main.c ****   /* DMA1_Stream5_IRQn interrupt configuration */
 403:Core/Src/main.c ****   HAL_NVIC_SetPriority(DMA1_Stream5_IRQn, 0, 0);
 404:Core/Src/main.c ****   HAL_NVIC_EnableIRQ(DMA1_Stream5_IRQn);
 405:Core/Src/main.c **** 
 406:Core/Src/main.c **** }
 407:Core/Src/main.c **** 
 408:Core/Src/main.c **** /**
 409:Core/Src/main.c ****   * @brief GPIO Initialization Function
 410:Core/Src/main.c ****   * @param None
 411:Core/Src/main.c ****   * @retval None
 412:Core/Src/main.c ****   */
 413:Core/Src/main.c **** static void MX_GPIO_Init(void)
 414:Core/Src/main.c **** {
  28              		.loc 1 414 1 view -0
  29              		.cfi_startproc
  30              		@ args = 0, pretend = 0, frame = 32
  31              		@ frame_needed = 0, uses_anonymous_args = 0
  32 0000 2DE9F04F 		push	{r4, r5, r6, r7, r8, r9, r10, fp, lr}
  33              	.LCFI0:
  34              		.cfi_def_cfa_offset 36
  35              		.cfi_offset 4, -36
  36              		.cfi_offset 5, -32
  37              		.cfi_offset 6, -28
  38              		.cfi_offset 7, -24
  39              		.cfi_offset 8, -20
  40              		.cfi_offset 9, -16
  41              		.cfi_offset 10, -12
  42              		.cfi_offset 11, -8
  43              		.cfi_offset 14, -4
ARM GAS  /var/folders/np/cy0ytwg113sbchhj8slf0nc00000gn/T//ccTdDOwl.s 			page 9


  44 0004 89B0     		sub	sp, sp, #36
  45              	.LCFI1:
  46              		.cfi_def_cfa_offset 72
 415:Core/Src/main.c ****   GPIO_InitTypeDef GPIO_InitStruct = {0};
  47              		.loc 1 415 3 view .LVU1
  48              		.loc 1 415 20 is_stmt 0 view .LVU2
  49 0006 0024     		movs	r4, #0
  50 0008 0394     		str	r4, [sp, #12]
  51 000a 0494     		str	r4, [sp, #16]
  52 000c 0594     		str	r4, [sp, #20]
  53 000e 0694     		str	r4, [sp, #24]
  54 0010 0794     		str	r4, [sp, #28]
 416:Core/Src/main.c ****   /* USER CODE BEGIN MX_GPIO_Init_1 */
 417:Core/Src/main.c **** 
 418:Core/Src/main.c ****   /* USER CODE END MX_GPIO_Init_1 */
 419:Core/Src/main.c **** 
 420:Core/Src/main.c ****   /* GPIO Ports Clock Enable */
 421:Core/Src/main.c ****   __HAL_RCC_GPIOH_CLK_ENABLE();
  55              		.loc 1 421 3 is_stmt 1 view .LVU3
  56              	.LBB4:
  57              		.loc 1 421 3 view .LVU4
  58 0012 0094     		str	r4, [sp]
  59              		.loc 1 421 3 view .LVU5
  60 0014 2F4B     		ldr	r3, .L3
  61 0016 1A6B     		ldr	r2, [r3, #48]
  62 0018 42F08002 		orr	r2, r2, #128
  63 001c 1A63     		str	r2, [r3, #48]
  64              		.loc 1 421 3 view .LVU6
  65 001e 1A6B     		ldr	r2, [r3, #48]
  66 0020 02F08002 		and	r2, r2, #128
  67 0024 0092     		str	r2, [sp]
  68              		.loc 1 421 3 view .LVU7
  69 0026 009A     		ldr	r2, [sp]
  70              	.LBE4:
  71              		.loc 1 421 3 view .LVU8
 422:Core/Src/main.c ****   __HAL_RCC_GPIOA_CLK_ENABLE();
  72              		.loc 1 422 3 view .LVU9
  73              	.LBB5:
  74              		.loc 1 422 3 view .LVU10
  75 0028 0194     		str	r4, [sp, #4]
  76              		.loc 1 422 3 view .LVU11
  77 002a 1A6B     		ldr	r2, [r3, #48]
  78 002c 42F00102 		orr	r2, r2, #1
  79 0030 1A63     		str	r2, [r3, #48]
  80              		.loc 1 422 3 view .LVU12
  81 0032 1A6B     		ldr	r2, [r3, #48]
  82 0034 02F00102 		and	r2, r2, #1
  83 0038 0192     		str	r2, [sp, #4]
  84              		.loc 1 422 3 view .LVU13
  85 003a 019A     		ldr	r2, [sp, #4]
  86              	.LBE5:
  87              		.loc 1 422 3 view .LVU14
 423:Core/Src/main.c ****   __HAL_RCC_GPIOB_CLK_ENABLE();
  88              		.loc 1 423 3 view .LVU15
  89              	.LBB6:
  90              		.loc 1 423 3 view .LVU16
  91 003c 0294     		str	r4, [sp, #8]
ARM GAS  /var/folders/np/cy0ytwg113sbchhj8slf0nc00000gn/T//ccTdDOwl.s 			page 10


  92              		.loc 1 423 3 view .LVU17
  93 003e 1A6B     		ldr	r2, [r3, #48]
  94 0040 42F00202 		orr	r2, r2, #2
  95 0044 1A63     		str	r2, [r3, #48]
  96              		.loc 1 423 3 view .LVU18
  97 0046 1B6B     		ldr	r3, [r3, #48]
  98 0048 03F00203 		and	r3, r3, #2
  99 004c 0293     		str	r3, [sp, #8]
 100              		.loc 1 423 3 view .LVU19
 101 004e 029B     		ldr	r3, [sp, #8]
 102              	.LBE6:
 103              		.loc 1 423 3 view .LVU20
 424:Core/Src/main.c **** 
 425:Core/Src/main.c ****   // -------------------------------
 426:Core/Src/main.c ****   // LCD pins configuration
 427:Core/Src/main.c ****   // -------------------------------
 428:Core/Src/main.c ****   // Configure PC14 (RS) and PC15 (E) as output push-pull
 429:Core/Src/main.c ****   GPIO_InitStruct.Pin = GPIO_PIN_14 | GPIO_PIN_15;
 104              		.loc 1 429 3 view .LVU21
 105              		.loc 1 429 23 is_stmt 0 view .LVU22
 106 0050 4FF4404B 		mov	fp, #49152
 107 0054 CDF80CB0 		str	fp, [sp, #12]
 430:Core/Src/main.c ****   GPIO_InitStruct.Mode = GPIO_MODE_OUTPUT_PP;
 108              		.loc 1 430 3 is_stmt 1 view .LVU23
 109              		.loc 1 430 24 is_stmt 0 view .LVU24
 110 0058 0126     		movs	r6, #1
 111 005a 0496     		str	r6, [sp, #16]
 431:Core/Src/main.c ****   GPIO_InitStruct.Pull = GPIO_NOPULL;
 112              		.loc 1 431 3 is_stmt 1 view .LVU25
 432:Core/Src/main.c ****   GPIO_InitStruct.Speed = GPIO_SPEED_FREQ_LOW;
 113              		.loc 1 432 3 view .LVU26
 433:Core/Src/main.c ****   HAL_GPIO_Init(GPIOC, &GPIO_InitStruct);
 114              		.loc 1 433 3 view .LVU27
 115 005c DFF87CA0 		ldr	r10, .L3+8
 116 0060 03A9     		add	r1, sp, #12
 117 0062 5046     		mov	r0, r10
 118 0064 FFF7FEFF 		bl	HAL_GPIO_Init
 119              	.LVL0:
 434:Core/Src/main.c **** 
 435:Core/Src/main.c ****   // Configure PB8 (D4) and PB9 (D5) as output push-pull
 436:Core/Src/main.c ****   GPIO_InitStruct.Pin = GPIO_PIN_8 | GPIO_PIN_9;
 120              		.loc 1 436 3 view .LVU28
 121              		.loc 1 436 23 is_stmt 0 view .LVU29
 122 0068 4FF44079 		mov	r9, #768
 123 006c CDF80C90 		str	r9, [sp, #12]
 437:Core/Src/main.c ****   HAL_GPIO_Init(GPIOB, &GPIO_InitStruct);
 124              		.loc 1 437 3 is_stmt 1 view .LVU30
 125 0070 DFF86C80 		ldr	r8, .L3+12
 126 0074 03A9     		add	r1, sp, #12
 127 0076 4046     		mov	r0, r8
 128 0078 FFF7FEFF 		bl	HAL_GPIO_Init
 129              	.LVL1:
 438:Core/Src/main.c **** 
 439:Core/Src/main.c ****   // Configure PA12 (D6) and PA15 (D7) as output push-pull
 440:Core/Src/main.c ****   GPIO_InitStruct.Pin = GPIO_PIN_12 | GPIO_PIN_15;
 130              		.loc 1 440 3 view .LVU31
 131              		.loc 1 440 23 is_stmt 0 view .LVU32
ARM GAS  /var/folders/np/cy0ytwg113sbchhj8slf0nc00000gn/T//ccTdDOwl.s 			page 11


 132 007c 4FF41047 		mov	r7, #36864
 133 0080 0397     		str	r7, [sp, #12]
 441:Core/Src/main.c ****   HAL_GPIO_Init(GPIOA, &GPIO_InitStruct);
 134              		.loc 1 441 3 is_stmt 1 view .LVU33
 135 0082 154D     		ldr	r5, .L3+4
 136 0084 03A9     		add	r1, sp, #12
 137 0086 2846     		mov	r0, r5
 138 0088 FFF7FEFF 		bl	HAL_GPIO_Init
 139              	.LVL2:
 442:Core/Src/main.c **** 
 443:Core/Src/main.c ****   // Set all LCD pins LOW initially
 444:Core/Src/main.c ****   HAL_GPIO_WritePin(GPIOC, GPIO_PIN_14 | GPIO_PIN_15, GPIO_PIN_RESET);
 140              		.loc 1 444 3 view .LVU34
 141 008c 2246     		mov	r2, r4
 142 008e 5946     		mov	r1, fp
 143 0090 5046     		mov	r0, r10
 144 0092 FFF7FEFF 		bl	HAL_GPIO_WritePin
 145              	.LVL3:
 445:Core/Src/main.c ****   HAL_GPIO_WritePin(GPIOB, GPIO_PIN_8 | GPIO_PIN_9, GPIO_PIN_RESET);
 146              		.loc 1 445 3 view .LVU35
 147 0096 2246     		mov	r2, r4
 148 0098 4946     		mov	r1, r9
 149 009a 4046     		mov	r0, r8
 150 009c FFF7FEFF 		bl	HAL_GPIO_WritePin
 151              	.LVL4:
 446:Core/Src/main.c ****   HAL_GPIO_WritePin(GPIOA, GPIO_PIN_12 | GPIO_PIN_15, GPIO_PIN_RESET);
 152              		.loc 1 446 3 view .LVU36
 153 00a0 2246     		mov	r2, r4
 154 00a2 3946     		mov	r1, r7
 155 00a4 2846     		mov	r0, r5
 156 00a6 FFF7FEFF 		bl	HAL_GPIO_WritePin
 157              	.LVL5:
 447:Core/Src/main.c **** 
 448:Core/Src/main.c **** 
 449:Core/Src/main.c ****   // -------------------------------
 450:Core/Src/main.c ****   // Button0 configuration (PA0)
 451:Core/Src/main.c ****   // -------------------------------
 452:Core/Src/main.c ****   GPIO_InitStruct.Pin = Button0_Pin;
 158              		.loc 1 452 3 view .LVU37
 159              		.loc 1 452 23 is_stmt 0 view .LVU38
 160 00aa 0396     		str	r6, [sp, #12]
 453:Core/Src/main.c ****   GPIO_InitStruct.Mode = GPIO_MODE_IT_RISING; // Interrupt on rising edge
 161              		.loc 1 453 3 is_stmt 1 view .LVU39
 162              		.loc 1 453 24 is_stmt 0 view .LVU40
 163 00ac 4FF48813 		mov	r3, #1114112
 164 00b0 0493     		str	r3, [sp, #16]
 454:Core/Src/main.c ****   GPIO_InitStruct.Pull = GPIO_PULLUP;         // Use pull-up resistor
 165              		.loc 1 454 3 is_stmt 1 view .LVU41
 166              		.loc 1 454 24 is_stmt 0 view .LVU42
 167 00b2 0596     		str	r6, [sp, #20]
 455:Core/Src/main.c ****   HAL_GPIO_Init(GPIOA, &GPIO_InitStruct);
 168              		.loc 1 455 3 is_stmt 1 view .LVU43
 169 00b4 03A9     		add	r1, sp, #12
 170 00b6 2846     		mov	r0, r5
 171 00b8 FFF7FEFF 		bl	HAL_GPIO_Init
 172              	.LVL6:
 456:Core/Src/main.c **** 
ARM GAS  /var/folders/np/cy0ytwg113sbchhj8slf0nc00000gn/T//ccTdDOwl.s 			page 12


 457:Core/Src/main.c ****   // Enable and set EXTI line 0 interrupt priority
 458:Core/Src/main.c ****   HAL_NVIC_SetPriority(EXTI0_IRQn, 2, 0);
 173              		.loc 1 458 3 view .LVU44
 174 00bc 2246     		mov	r2, r4
 175 00be 0221     		movs	r1, #2
 176 00c0 0620     		movs	r0, #6
 177 00c2 FFF7FEFF 		bl	HAL_NVIC_SetPriority
 178              	.LVL7:
 459:Core/Src/main.c ****   HAL_NVIC_EnableIRQ(EXTI0_IRQn);
 179              		.loc 1 459 3 view .LVU45
 180 00c6 0620     		movs	r0, #6
 181 00c8 FFF7FEFF 		bl	HAL_NVIC_EnableIRQ
 182              	.LVL8:
 460:Core/Src/main.c **** 
 461:Core/Src/main.c ****   /* USER CODE END MX_GPIO_Init_2 */
 462:Core/Src/main.c **** }
 183              		.loc 1 462 1 is_stmt 0 view .LVU46
 184 00cc 09B0     		add	sp, sp, #36
 185              	.LCFI2:
 186              		.cfi_def_cfa_offset 36
 187              		@ sp needed
 188 00ce BDE8F08F 		pop	{r4, r5, r6, r7, r8, r9, r10, fp, pc}
 189              	.L4:
 190 00d2 00BF     		.align	2
 191              	.L3:
 192 00d4 00380240 		.word	1073887232
 193 00d8 00000240 		.word	1073872896
 194 00dc 00080240 		.word	1073874944
 195 00e0 00040240 		.word	1073873920
 196              		.cfi_endproc
 197              	.LFE142:
 199              		.section	.text.MX_DMA_Init,"ax",%progbits
 200              		.align	1
 201              		.syntax unified
 202              		.thumb
 203              		.thumb_func
 205              	MX_DMA_Init:
 206              	.LFB141:
 396:Core/Src/main.c **** 
 207              		.loc 1 396 1 is_stmt 1 view -0
 208              		.cfi_startproc
 209              		@ args = 0, pretend = 0, frame = 8
 210              		@ frame_needed = 0, uses_anonymous_args = 0
 211 0000 00B5     		push	{lr}
 212              	.LCFI3:
 213              		.cfi_def_cfa_offset 4
 214              		.cfi_offset 14, -4
 215 0002 83B0     		sub	sp, sp, #12
 216              	.LCFI4:
 217              		.cfi_def_cfa_offset 16
 399:Core/Src/main.c **** 
 218              		.loc 1 399 3 view .LVU48
 219              	.LBB7:
 399:Core/Src/main.c **** 
 220              		.loc 1 399 3 view .LVU49
 221 0004 0021     		movs	r1, #0
 222 0006 0191     		str	r1, [sp, #4]
ARM GAS  /var/folders/np/cy0ytwg113sbchhj8slf0nc00000gn/T//ccTdDOwl.s 			page 13


 399:Core/Src/main.c **** 
 223              		.loc 1 399 3 view .LVU50
 224 0008 094B     		ldr	r3, .L7
 225 000a 1A6B     		ldr	r2, [r3, #48]
 226 000c 42F40012 		orr	r2, r2, #2097152
 227 0010 1A63     		str	r2, [r3, #48]
 399:Core/Src/main.c **** 
 228              		.loc 1 399 3 view .LVU51
 229 0012 1B6B     		ldr	r3, [r3, #48]
 230 0014 03F40013 		and	r3, r3, #2097152
 231 0018 0193     		str	r3, [sp, #4]
 399:Core/Src/main.c **** 
 232              		.loc 1 399 3 view .LVU52
 233 001a 019B     		ldr	r3, [sp, #4]
 234              	.LBE7:
 399:Core/Src/main.c **** 
 235              		.loc 1 399 3 view .LVU53
 403:Core/Src/main.c ****   HAL_NVIC_EnableIRQ(DMA1_Stream5_IRQn);
 236              		.loc 1 403 3 view .LVU54
 237 001c 0A46     		mov	r2, r1
 238 001e 1020     		movs	r0, #16
 239 0020 FFF7FEFF 		bl	HAL_NVIC_SetPriority
 240              	.LVL9:
 404:Core/Src/main.c **** 
 241              		.loc 1 404 3 view .LVU55
 242 0024 1020     		movs	r0, #16
 243 0026 FFF7FEFF 		bl	HAL_NVIC_EnableIRQ
 244              	.LVL10:
 406:Core/Src/main.c **** 
 245              		.loc 1 406 1 is_stmt 0 view .LVU56
 246 002a 03B0     		add	sp, sp, #12
 247              	.LCFI5:
 248              		.cfi_def_cfa_offset 4
 249              		@ sp needed
 250 002c 5DF804FB 		ldr	pc, [sp], #4
 251              	.L8:
 252              		.align	2
 253              	.L7:
 254 0030 00380240 		.word	1073887232
 255              		.cfi_endproc
 256              	.LFE141:
 258              		.section	.text.EXTI0_IRQHandler,"ax",%progbits
 259              		.align	1
 260              		.global	EXTI0_IRQHandler
 261              		.syntax unified
 262              		.thumb
 263              		.thumb_func
 265              	EXTI0_IRQHandler:
 266              	.LFB143:
 463:Core/Src/main.c **** 
 464:Core/Src/main.c **** /* USER CODE BEGIN 4 */
 465:Core/Src/main.c **** void EXTI0_IRQHandler(void){
 267              		.loc 1 465 28 is_stmt 1 view -0
 268              		.cfi_startproc
 269              		@ args = 0, pretend = 0, frame = 0
 270              		@ frame_needed = 0, uses_anonymous_args = 0
 271 0000 08B5     		push	{r3, lr}
ARM GAS  /var/folders/np/cy0ytwg113sbchhj8slf0nc00000gn/T//ccTdDOwl.s 			page 14


 272              	.LCFI6:
 273              		.cfi_def_cfa_offset 8
 274              		.cfi_offset 3, -8
 275              		.cfi_offset 14, -4
 466:Core/Src/main.c **** 
 467:Core/Src/main.c **** 	// TODO: Debounce using HAL_GetTick()
 468:Core/Src/main.c **** 
 469:Core/Src/main.c **** 
 470:Core/Src/main.c **** 	// TODO: Disable DMA transfer and abort IT, then start DMA in IT mode with new LUT and re-enable t
 471:Core/Src/main.c **** 	// HINT: Consider using C's "switch" function to handle LUT changes
 472:Core/Src/main.c **** 
 473:Core/Src/main.c **** 
 474:Core/Src/main.c **** 
 475:Core/Src/main.c **** 
 476:Core/Src/main.c **** 	HAL_GPIO_EXTI_IRQHandler(Button0_Pin); // Clear interrupt flags
 276              		.loc 1 476 2 view .LVU58
 277 0002 0120     		movs	r0, #1
 278 0004 FFF7FEFF 		bl	HAL_GPIO_EXTI_IRQHandler
 279              	.LVL11:
 477:Core/Src/main.c **** }
 280              		.loc 1 477 1 is_stmt 0 view .LVU59
 281 0008 08BD     		pop	{r3, pc}
 282              		.cfi_endproc
 283              	.LFE143:
 285              		.section	.text.Error_Handler,"ax",%progbits
 286              		.align	1
 287              		.global	Error_Handler
 288              		.syntax unified
 289              		.thumb
 290              		.thumb_func
 292              	Error_Handler:
 293              	.LFB144:
 478:Core/Src/main.c **** /* USER CODE END 4 */
 479:Core/Src/main.c **** 
 480:Core/Src/main.c **** /**
 481:Core/Src/main.c ****   * @brief  This function is executed in case of error occurrence.
 482:Core/Src/main.c ****   * @retval None
 483:Core/Src/main.c ****   */
 484:Core/Src/main.c **** void Error_Handler(void)
 485:Core/Src/main.c **** {
 294              		.loc 1 485 1 is_stmt 1 view -0
 295              		.cfi_startproc
 296              		@ Volatile: function does not return.
 297              		@ args = 0, pretend = 0, frame = 0
 298              		@ frame_needed = 0, uses_anonymous_args = 0
 299              		@ link register save eliminated.
 486:Core/Src/main.c ****   /* USER CODE BEGIN Error_Handler_Debug */
 487:Core/Src/main.c ****   /* User can add his own implementation to report the HAL error return state */
 488:Core/Src/main.c ****   __disable_irq();
 300              		.loc 1 488 3 view .LVU61
 301              	.LBB8:
 302              	.LBI8:
 303              		.file 2 "Drivers/CMSIS/Include/cmsis_gcc.h"
   1:Drivers/CMSIS/Include/cmsis_gcc.h **** /**************************************************************************//**
   2:Drivers/CMSIS/Include/cmsis_gcc.h ****  * @file     cmsis_gcc.h
   3:Drivers/CMSIS/Include/cmsis_gcc.h ****  * @brief    CMSIS compiler GCC header file
   4:Drivers/CMSIS/Include/cmsis_gcc.h ****  * @version  V5.4.1
ARM GAS  /var/folders/np/cy0ytwg113sbchhj8slf0nc00000gn/T//ccTdDOwl.s 			page 15


   5:Drivers/CMSIS/Include/cmsis_gcc.h ****  * @date     27. May 2021
   6:Drivers/CMSIS/Include/cmsis_gcc.h ****  ******************************************************************************/
   7:Drivers/CMSIS/Include/cmsis_gcc.h **** /*
   8:Drivers/CMSIS/Include/cmsis_gcc.h ****  * Copyright (c) 2009-2021 Arm Limited. All rights reserved.
   9:Drivers/CMSIS/Include/cmsis_gcc.h ****  *
  10:Drivers/CMSIS/Include/cmsis_gcc.h ****  * SPDX-License-Identifier: Apache-2.0
  11:Drivers/CMSIS/Include/cmsis_gcc.h ****  *
  12:Drivers/CMSIS/Include/cmsis_gcc.h ****  * Licensed under the Apache License, Version 2.0 (the License); you may
  13:Drivers/CMSIS/Include/cmsis_gcc.h ****  * not use this file except in compliance with the License.
  14:Drivers/CMSIS/Include/cmsis_gcc.h ****  * You may obtain a copy of the License at
  15:Drivers/CMSIS/Include/cmsis_gcc.h ****  *
  16:Drivers/CMSIS/Include/cmsis_gcc.h ****  * www.apache.org/licenses/LICENSE-2.0
  17:Drivers/CMSIS/Include/cmsis_gcc.h ****  *
  18:Drivers/CMSIS/Include/cmsis_gcc.h ****  * Unless required by applicable law or agreed to in writing, software
  19:Drivers/CMSIS/Include/cmsis_gcc.h ****  * distributed under the License is distributed on an AS IS BASIS, WITHOUT
  20:Drivers/CMSIS/Include/cmsis_gcc.h ****  * WARRANTIES OR CONDITIONS OF ANY KIND, either express or implied.
  21:Drivers/CMSIS/Include/cmsis_gcc.h ****  * See the License for the specific language governing permissions and
  22:Drivers/CMSIS/Include/cmsis_gcc.h ****  * limitations under the License.
  23:Drivers/CMSIS/Include/cmsis_gcc.h ****  */
  24:Drivers/CMSIS/Include/cmsis_gcc.h **** 
  25:Drivers/CMSIS/Include/cmsis_gcc.h **** #ifndef __CMSIS_GCC_H
  26:Drivers/CMSIS/Include/cmsis_gcc.h **** #define __CMSIS_GCC_H
  27:Drivers/CMSIS/Include/cmsis_gcc.h **** 
  28:Drivers/CMSIS/Include/cmsis_gcc.h **** /* ignore some GCC warnings */
  29:Drivers/CMSIS/Include/cmsis_gcc.h **** #pragma GCC diagnostic push
  30:Drivers/CMSIS/Include/cmsis_gcc.h **** #pragma GCC diagnostic ignored "-Wsign-conversion"
  31:Drivers/CMSIS/Include/cmsis_gcc.h **** #pragma GCC diagnostic ignored "-Wconversion"
  32:Drivers/CMSIS/Include/cmsis_gcc.h **** #pragma GCC diagnostic ignored "-Wunused-parameter"
  33:Drivers/CMSIS/Include/cmsis_gcc.h **** 
  34:Drivers/CMSIS/Include/cmsis_gcc.h **** /* Fallback for __has_builtin */
  35:Drivers/CMSIS/Include/cmsis_gcc.h **** #ifndef __has_builtin
  36:Drivers/CMSIS/Include/cmsis_gcc.h ****   #define __has_builtin(x) (0)
  37:Drivers/CMSIS/Include/cmsis_gcc.h **** #endif
  38:Drivers/CMSIS/Include/cmsis_gcc.h **** 
  39:Drivers/CMSIS/Include/cmsis_gcc.h **** /* CMSIS compiler specific defines */
  40:Drivers/CMSIS/Include/cmsis_gcc.h **** #ifndef   __ASM
  41:Drivers/CMSIS/Include/cmsis_gcc.h ****   #define __ASM                                  __asm
  42:Drivers/CMSIS/Include/cmsis_gcc.h **** #endif
  43:Drivers/CMSIS/Include/cmsis_gcc.h **** #ifndef   __INLINE
  44:Drivers/CMSIS/Include/cmsis_gcc.h ****   #define __INLINE                               inline
  45:Drivers/CMSIS/Include/cmsis_gcc.h **** #endif
  46:Drivers/CMSIS/Include/cmsis_gcc.h **** #ifndef   __STATIC_INLINE
  47:Drivers/CMSIS/Include/cmsis_gcc.h ****   #define __STATIC_INLINE                        static inline
  48:Drivers/CMSIS/Include/cmsis_gcc.h **** #endif
  49:Drivers/CMSIS/Include/cmsis_gcc.h **** #ifndef   __STATIC_FORCEINLINE
  50:Drivers/CMSIS/Include/cmsis_gcc.h ****   #define __STATIC_FORCEINLINE                   __attribute__((always_inline)) static inline
  51:Drivers/CMSIS/Include/cmsis_gcc.h **** #endif
  52:Drivers/CMSIS/Include/cmsis_gcc.h **** #ifndef   __NO_RETURN
  53:Drivers/CMSIS/Include/cmsis_gcc.h ****   #define __NO_RETURN                            __attribute__((__noreturn__))
  54:Drivers/CMSIS/Include/cmsis_gcc.h **** #endif
  55:Drivers/CMSIS/Include/cmsis_gcc.h **** #ifndef   __USED
  56:Drivers/CMSIS/Include/cmsis_gcc.h ****   #define __USED                                 __attribute__((used))
  57:Drivers/CMSIS/Include/cmsis_gcc.h **** #endif
  58:Drivers/CMSIS/Include/cmsis_gcc.h **** #ifndef   __WEAK
  59:Drivers/CMSIS/Include/cmsis_gcc.h ****   #define __WEAK                                 __attribute__((weak))
  60:Drivers/CMSIS/Include/cmsis_gcc.h **** #endif
  61:Drivers/CMSIS/Include/cmsis_gcc.h **** #ifndef   __PACKED
ARM GAS  /var/folders/np/cy0ytwg113sbchhj8slf0nc00000gn/T//ccTdDOwl.s 			page 16


  62:Drivers/CMSIS/Include/cmsis_gcc.h ****   #define __PACKED                               __attribute__((packed, aligned(1)))
  63:Drivers/CMSIS/Include/cmsis_gcc.h **** #endif
  64:Drivers/CMSIS/Include/cmsis_gcc.h **** #ifndef   __PACKED_STRUCT
  65:Drivers/CMSIS/Include/cmsis_gcc.h ****   #define __PACKED_STRUCT                        struct __attribute__((packed, aligned(1)))
  66:Drivers/CMSIS/Include/cmsis_gcc.h **** #endif
  67:Drivers/CMSIS/Include/cmsis_gcc.h **** #ifndef   __PACKED_UNION
  68:Drivers/CMSIS/Include/cmsis_gcc.h ****   #define __PACKED_UNION                         union __attribute__((packed, aligned(1)))
  69:Drivers/CMSIS/Include/cmsis_gcc.h **** #endif
  70:Drivers/CMSIS/Include/cmsis_gcc.h **** #ifndef   __UNALIGNED_UINT32        /* deprecated */
  71:Drivers/CMSIS/Include/cmsis_gcc.h ****   #pragma GCC diagnostic push
  72:Drivers/CMSIS/Include/cmsis_gcc.h ****   #pragma GCC diagnostic ignored "-Wpacked"
  73:Drivers/CMSIS/Include/cmsis_gcc.h ****   #pragma GCC diagnostic ignored "-Wattributes"
  74:Drivers/CMSIS/Include/cmsis_gcc.h ****   struct __attribute__((packed)) T_UINT32 { uint32_t v; };
  75:Drivers/CMSIS/Include/cmsis_gcc.h ****   #pragma GCC diagnostic pop
  76:Drivers/CMSIS/Include/cmsis_gcc.h ****   #define __UNALIGNED_UINT32(x)                  (((struct T_UINT32 *)(x))->v)
  77:Drivers/CMSIS/Include/cmsis_gcc.h **** #endif
  78:Drivers/CMSIS/Include/cmsis_gcc.h **** #ifndef   __UNALIGNED_UINT16_WRITE
  79:Drivers/CMSIS/Include/cmsis_gcc.h ****   #pragma GCC diagnostic push
  80:Drivers/CMSIS/Include/cmsis_gcc.h ****   #pragma GCC diagnostic ignored "-Wpacked"
  81:Drivers/CMSIS/Include/cmsis_gcc.h ****   #pragma GCC diagnostic ignored "-Wattributes"
  82:Drivers/CMSIS/Include/cmsis_gcc.h ****   __PACKED_STRUCT T_UINT16_WRITE { uint16_t v; };
  83:Drivers/CMSIS/Include/cmsis_gcc.h ****   #pragma GCC diagnostic pop
  84:Drivers/CMSIS/Include/cmsis_gcc.h ****   #define __UNALIGNED_UINT16_WRITE(addr, val)    (void)((((struct T_UINT16_WRITE *)(void *)(addr))-
  85:Drivers/CMSIS/Include/cmsis_gcc.h **** #endif
  86:Drivers/CMSIS/Include/cmsis_gcc.h **** #ifndef   __UNALIGNED_UINT16_READ
  87:Drivers/CMSIS/Include/cmsis_gcc.h ****   #pragma GCC diagnostic push
  88:Drivers/CMSIS/Include/cmsis_gcc.h ****   #pragma GCC diagnostic ignored "-Wpacked"
  89:Drivers/CMSIS/Include/cmsis_gcc.h ****   #pragma GCC diagnostic ignored "-Wattributes"
  90:Drivers/CMSIS/Include/cmsis_gcc.h ****   __PACKED_STRUCT T_UINT16_READ { uint16_t v; };
  91:Drivers/CMSIS/Include/cmsis_gcc.h ****   #pragma GCC diagnostic pop
  92:Drivers/CMSIS/Include/cmsis_gcc.h ****   #define __UNALIGNED_UINT16_READ(addr)          (((const struct T_UINT16_READ *)(const void *)(add
  93:Drivers/CMSIS/Include/cmsis_gcc.h **** #endif
  94:Drivers/CMSIS/Include/cmsis_gcc.h **** #ifndef   __UNALIGNED_UINT32_WRITE
  95:Drivers/CMSIS/Include/cmsis_gcc.h ****   #pragma GCC diagnostic push
  96:Drivers/CMSIS/Include/cmsis_gcc.h ****   #pragma GCC diagnostic ignored "-Wpacked"
  97:Drivers/CMSIS/Include/cmsis_gcc.h ****   #pragma GCC diagnostic ignored "-Wattributes"
  98:Drivers/CMSIS/Include/cmsis_gcc.h ****   __PACKED_STRUCT T_UINT32_WRITE { uint32_t v; };
  99:Drivers/CMSIS/Include/cmsis_gcc.h ****   #pragma GCC diagnostic pop
 100:Drivers/CMSIS/Include/cmsis_gcc.h ****   #define __UNALIGNED_UINT32_WRITE(addr, val)    (void)((((struct T_UINT32_WRITE *)(void *)(addr))-
 101:Drivers/CMSIS/Include/cmsis_gcc.h **** #endif
 102:Drivers/CMSIS/Include/cmsis_gcc.h **** #ifndef   __UNALIGNED_UINT32_READ
 103:Drivers/CMSIS/Include/cmsis_gcc.h ****   #pragma GCC diagnostic push
 104:Drivers/CMSIS/Include/cmsis_gcc.h ****   #pragma GCC diagnostic ignored "-Wpacked"
 105:Drivers/CMSIS/Include/cmsis_gcc.h ****   #pragma GCC diagnostic ignored "-Wattributes"
 106:Drivers/CMSIS/Include/cmsis_gcc.h ****   __PACKED_STRUCT T_UINT32_READ { uint32_t v; };
 107:Drivers/CMSIS/Include/cmsis_gcc.h ****   #pragma GCC diagnostic pop
 108:Drivers/CMSIS/Include/cmsis_gcc.h ****   #define __UNALIGNED_UINT32_READ(addr)          (((const struct T_UINT32_READ *)(const void *)(add
 109:Drivers/CMSIS/Include/cmsis_gcc.h **** #endif
 110:Drivers/CMSIS/Include/cmsis_gcc.h **** #ifndef   __ALIGNED
 111:Drivers/CMSIS/Include/cmsis_gcc.h ****   #define __ALIGNED(x)                           __attribute__((aligned(x)))
 112:Drivers/CMSIS/Include/cmsis_gcc.h **** #endif
 113:Drivers/CMSIS/Include/cmsis_gcc.h **** #ifndef   __RESTRICT
 114:Drivers/CMSIS/Include/cmsis_gcc.h ****   #define __RESTRICT                             __restrict
 115:Drivers/CMSIS/Include/cmsis_gcc.h **** #endif
 116:Drivers/CMSIS/Include/cmsis_gcc.h **** #ifndef   __COMPILER_BARRIER
 117:Drivers/CMSIS/Include/cmsis_gcc.h ****   #define __COMPILER_BARRIER()                   __ASM volatile("":::"memory")
 118:Drivers/CMSIS/Include/cmsis_gcc.h **** #endif
ARM GAS  /var/folders/np/cy0ytwg113sbchhj8slf0nc00000gn/T//ccTdDOwl.s 			page 17


 119:Drivers/CMSIS/Include/cmsis_gcc.h **** 
 120:Drivers/CMSIS/Include/cmsis_gcc.h **** /* #########################  Startup and Lowlevel Init  ######################## */
 121:Drivers/CMSIS/Include/cmsis_gcc.h **** 
 122:Drivers/CMSIS/Include/cmsis_gcc.h **** #ifndef __PROGRAM_START
 123:Drivers/CMSIS/Include/cmsis_gcc.h **** 
 124:Drivers/CMSIS/Include/cmsis_gcc.h **** /**
 125:Drivers/CMSIS/Include/cmsis_gcc.h ****   \brief   Initializes data and bss sections
 126:Drivers/CMSIS/Include/cmsis_gcc.h ****   \details This default implementations initialized all data and additional bss
 127:Drivers/CMSIS/Include/cmsis_gcc.h ****            sections relying on .copy.table and .zero.table specified properly
 128:Drivers/CMSIS/Include/cmsis_gcc.h ****            in the used linker script.
 129:Drivers/CMSIS/Include/cmsis_gcc.h **** 
 130:Drivers/CMSIS/Include/cmsis_gcc.h ****  */
 131:Drivers/CMSIS/Include/cmsis_gcc.h **** __STATIC_FORCEINLINE __NO_RETURN void __cmsis_start(void)
 132:Drivers/CMSIS/Include/cmsis_gcc.h **** {
 133:Drivers/CMSIS/Include/cmsis_gcc.h ****   extern void _start(void) __NO_RETURN;
 134:Drivers/CMSIS/Include/cmsis_gcc.h **** 
 135:Drivers/CMSIS/Include/cmsis_gcc.h ****   typedef struct {
 136:Drivers/CMSIS/Include/cmsis_gcc.h ****     uint32_t const* src;
 137:Drivers/CMSIS/Include/cmsis_gcc.h ****     uint32_t* dest;
 138:Drivers/CMSIS/Include/cmsis_gcc.h ****     uint32_t  wlen;
 139:Drivers/CMSIS/Include/cmsis_gcc.h ****   } __copy_table_t;
 140:Drivers/CMSIS/Include/cmsis_gcc.h **** 
 141:Drivers/CMSIS/Include/cmsis_gcc.h ****   typedef struct {
 142:Drivers/CMSIS/Include/cmsis_gcc.h ****     uint32_t* dest;
 143:Drivers/CMSIS/Include/cmsis_gcc.h ****     uint32_t  wlen;
 144:Drivers/CMSIS/Include/cmsis_gcc.h ****   } __zero_table_t;
 145:Drivers/CMSIS/Include/cmsis_gcc.h **** 
 146:Drivers/CMSIS/Include/cmsis_gcc.h ****   extern const __copy_table_t __copy_table_start__;
 147:Drivers/CMSIS/Include/cmsis_gcc.h ****   extern const __copy_table_t __copy_table_end__;
 148:Drivers/CMSIS/Include/cmsis_gcc.h ****   extern const __zero_table_t __zero_table_start__;
 149:Drivers/CMSIS/Include/cmsis_gcc.h ****   extern const __zero_table_t __zero_table_end__;
 150:Drivers/CMSIS/Include/cmsis_gcc.h **** 
 151:Drivers/CMSIS/Include/cmsis_gcc.h ****   for (__copy_table_t const* pTable = &__copy_table_start__; pTable < &__copy_table_end__; ++pTable
 152:Drivers/CMSIS/Include/cmsis_gcc.h ****     for(uint32_t i=0u; i<pTable->wlen; ++i) {
 153:Drivers/CMSIS/Include/cmsis_gcc.h ****       pTable->dest[i] = pTable->src[i];
 154:Drivers/CMSIS/Include/cmsis_gcc.h ****     }
 155:Drivers/CMSIS/Include/cmsis_gcc.h ****   }
 156:Drivers/CMSIS/Include/cmsis_gcc.h **** 
 157:Drivers/CMSIS/Include/cmsis_gcc.h ****   for (__zero_table_t const* pTable = &__zero_table_start__; pTable < &__zero_table_end__; ++pTable
 158:Drivers/CMSIS/Include/cmsis_gcc.h ****     for(uint32_t i=0u; i<pTable->wlen; ++i) {
 159:Drivers/CMSIS/Include/cmsis_gcc.h ****       pTable->dest[i] = 0u;
 160:Drivers/CMSIS/Include/cmsis_gcc.h ****     }
 161:Drivers/CMSIS/Include/cmsis_gcc.h ****   }
 162:Drivers/CMSIS/Include/cmsis_gcc.h **** 
 163:Drivers/CMSIS/Include/cmsis_gcc.h ****   _start();
 164:Drivers/CMSIS/Include/cmsis_gcc.h **** }
 165:Drivers/CMSIS/Include/cmsis_gcc.h **** 
 166:Drivers/CMSIS/Include/cmsis_gcc.h **** #define __PROGRAM_START           __cmsis_start
 167:Drivers/CMSIS/Include/cmsis_gcc.h **** #endif
 168:Drivers/CMSIS/Include/cmsis_gcc.h **** 
 169:Drivers/CMSIS/Include/cmsis_gcc.h **** #ifndef __INITIAL_SP
 170:Drivers/CMSIS/Include/cmsis_gcc.h **** #define __INITIAL_SP              __StackTop
 171:Drivers/CMSIS/Include/cmsis_gcc.h **** #endif
 172:Drivers/CMSIS/Include/cmsis_gcc.h **** 
 173:Drivers/CMSIS/Include/cmsis_gcc.h **** #ifndef __STACK_LIMIT
 174:Drivers/CMSIS/Include/cmsis_gcc.h **** #define __STACK_LIMIT             __StackLimit
 175:Drivers/CMSIS/Include/cmsis_gcc.h **** #endif
ARM GAS  /var/folders/np/cy0ytwg113sbchhj8slf0nc00000gn/T//ccTdDOwl.s 			page 18


 176:Drivers/CMSIS/Include/cmsis_gcc.h **** 
 177:Drivers/CMSIS/Include/cmsis_gcc.h **** #ifndef __VECTOR_TABLE
 178:Drivers/CMSIS/Include/cmsis_gcc.h **** #define __VECTOR_TABLE            __Vectors
 179:Drivers/CMSIS/Include/cmsis_gcc.h **** #endif
 180:Drivers/CMSIS/Include/cmsis_gcc.h **** 
 181:Drivers/CMSIS/Include/cmsis_gcc.h **** #ifndef __VECTOR_TABLE_ATTRIBUTE
 182:Drivers/CMSIS/Include/cmsis_gcc.h **** #define __VECTOR_TABLE_ATTRIBUTE  __attribute__((used, section(".vectors")))
 183:Drivers/CMSIS/Include/cmsis_gcc.h **** #endif
 184:Drivers/CMSIS/Include/cmsis_gcc.h **** 
 185:Drivers/CMSIS/Include/cmsis_gcc.h **** #if defined (__ARM_FEATURE_CMSE) && (__ARM_FEATURE_CMSE == 3U)
 186:Drivers/CMSIS/Include/cmsis_gcc.h **** #ifndef __STACK_SEAL
 187:Drivers/CMSIS/Include/cmsis_gcc.h **** #define __STACK_SEAL              __StackSeal
 188:Drivers/CMSIS/Include/cmsis_gcc.h **** #endif
 189:Drivers/CMSIS/Include/cmsis_gcc.h **** 
 190:Drivers/CMSIS/Include/cmsis_gcc.h **** #ifndef __TZ_STACK_SEAL_SIZE
 191:Drivers/CMSIS/Include/cmsis_gcc.h **** #define __TZ_STACK_SEAL_SIZE      8U
 192:Drivers/CMSIS/Include/cmsis_gcc.h **** #endif
 193:Drivers/CMSIS/Include/cmsis_gcc.h **** 
 194:Drivers/CMSIS/Include/cmsis_gcc.h **** #ifndef __TZ_STACK_SEAL_VALUE
 195:Drivers/CMSIS/Include/cmsis_gcc.h **** #define __TZ_STACK_SEAL_VALUE     0xFEF5EDA5FEF5EDA5ULL
 196:Drivers/CMSIS/Include/cmsis_gcc.h **** #endif
 197:Drivers/CMSIS/Include/cmsis_gcc.h **** 
 198:Drivers/CMSIS/Include/cmsis_gcc.h **** 
 199:Drivers/CMSIS/Include/cmsis_gcc.h **** __STATIC_FORCEINLINE void __TZ_set_STACKSEAL_S (uint32_t* stackTop) {
 200:Drivers/CMSIS/Include/cmsis_gcc.h ****   *((uint64_t *)stackTop) = __TZ_STACK_SEAL_VALUE;
 201:Drivers/CMSIS/Include/cmsis_gcc.h **** }
 202:Drivers/CMSIS/Include/cmsis_gcc.h **** #endif
 203:Drivers/CMSIS/Include/cmsis_gcc.h **** 
 204:Drivers/CMSIS/Include/cmsis_gcc.h **** 
 205:Drivers/CMSIS/Include/cmsis_gcc.h **** /* ##########################  Core Instruction Access  ######################### */
 206:Drivers/CMSIS/Include/cmsis_gcc.h **** /** \defgroup CMSIS_Core_InstructionInterface CMSIS Core Instruction Interface
 207:Drivers/CMSIS/Include/cmsis_gcc.h ****   Access to dedicated instructions
 208:Drivers/CMSIS/Include/cmsis_gcc.h ****   @{
 209:Drivers/CMSIS/Include/cmsis_gcc.h **** */
 210:Drivers/CMSIS/Include/cmsis_gcc.h **** 
 211:Drivers/CMSIS/Include/cmsis_gcc.h **** /* Define macros for porting to both thumb1 and thumb2.
 212:Drivers/CMSIS/Include/cmsis_gcc.h ****  * For thumb1, use low register (r0-r7), specified by constraint "l"
 213:Drivers/CMSIS/Include/cmsis_gcc.h ****  * Otherwise, use general registers, specified by constraint "r" */
 214:Drivers/CMSIS/Include/cmsis_gcc.h **** #if defined (__thumb__) && !defined (__thumb2__)
 215:Drivers/CMSIS/Include/cmsis_gcc.h **** #define __CMSIS_GCC_OUT_REG(r) "=l" (r)
 216:Drivers/CMSIS/Include/cmsis_gcc.h **** #define __CMSIS_GCC_RW_REG(r) "+l" (r)
 217:Drivers/CMSIS/Include/cmsis_gcc.h **** #define __CMSIS_GCC_USE_REG(r) "l" (r)
 218:Drivers/CMSIS/Include/cmsis_gcc.h **** #else
 219:Drivers/CMSIS/Include/cmsis_gcc.h **** #define __CMSIS_GCC_OUT_REG(r) "=r" (r)
 220:Drivers/CMSIS/Include/cmsis_gcc.h **** #define __CMSIS_GCC_RW_REG(r) "+r" (r)
 221:Drivers/CMSIS/Include/cmsis_gcc.h **** #define __CMSIS_GCC_USE_REG(r) "r" (r)
 222:Drivers/CMSIS/Include/cmsis_gcc.h **** #endif
 223:Drivers/CMSIS/Include/cmsis_gcc.h **** 
 224:Drivers/CMSIS/Include/cmsis_gcc.h **** /**
 225:Drivers/CMSIS/Include/cmsis_gcc.h ****   \brief   No Operation
 226:Drivers/CMSIS/Include/cmsis_gcc.h ****   \details No Operation does nothing. This instruction can be used for code alignment purposes.
 227:Drivers/CMSIS/Include/cmsis_gcc.h ****  */
 228:Drivers/CMSIS/Include/cmsis_gcc.h **** #define __NOP()                             __ASM volatile ("nop")
 229:Drivers/CMSIS/Include/cmsis_gcc.h **** 
 230:Drivers/CMSIS/Include/cmsis_gcc.h **** /**
 231:Drivers/CMSIS/Include/cmsis_gcc.h ****   \brief   Wait For Interrupt
 232:Drivers/CMSIS/Include/cmsis_gcc.h ****   \details Wait For Interrupt is a hint instruction that suspends execution until one of a number o
ARM GAS  /var/folders/np/cy0ytwg113sbchhj8slf0nc00000gn/T//ccTdDOwl.s 			page 19


 233:Drivers/CMSIS/Include/cmsis_gcc.h ****  */
 234:Drivers/CMSIS/Include/cmsis_gcc.h **** #define __WFI()                             __ASM volatile ("wfi":::"memory")
 235:Drivers/CMSIS/Include/cmsis_gcc.h **** 
 236:Drivers/CMSIS/Include/cmsis_gcc.h **** 
 237:Drivers/CMSIS/Include/cmsis_gcc.h **** /**
 238:Drivers/CMSIS/Include/cmsis_gcc.h ****   \brief   Wait For Event
 239:Drivers/CMSIS/Include/cmsis_gcc.h ****   \details Wait For Event is a hint instruction that permits the processor to enter
 240:Drivers/CMSIS/Include/cmsis_gcc.h ****            a low-power state until one of a number of events occurs.
 241:Drivers/CMSIS/Include/cmsis_gcc.h ****  */
 242:Drivers/CMSIS/Include/cmsis_gcc.h **** #define __WFE()                             __ASM volatile ("wfe":::"memory")
 243:Drivers/CMSIS/Include/cmsis_gcc.h **** 
 244:Drivers/CMSIS/Include/cmsis_gcc.h **** 
 245:Drivers/CMSIS/Include/cmsis_gcc.h **** /**
 246:Drivers/CMSIS/Include/cmsis_gcc.h ****   \brief   Send Event
 247:Drivers/CMSIS/Include/cmsis_gcc.h ****   \details Send Event is a hint instruction. It causes an event to be signaled to the CPU.
 248:Drivers/CMSIS/Include/cmsis_gcc.h ****  */
 249:Drivers/CMSIS/Include/cmsis_gcc.h **** #define __SEV()                             __ASM volatile ("sev")
 250:Drivers/CMSIS/Include/cmsis_gcc.h **** 
 251:Drivers/CMSIS/Include/cmsis_gcc.h **** 
 252:Drivers/CMSIS/Include/cmsis_gcc.h **** /**
 253:Drivers/CMSIS/Include/cmsis_gcc.h ****   \brief   Instruction Synchronization Barrier
 254:Drivers/CMSIS/Include/cmsis_gcc.h ****   \details Instruction Synchronization Barrier flushes the pipeline in the processor,
 255:Drivers/CMSIS/Include/cmsis_gcc.h ****            so that all instructions following the ISB are fetched from cache or memory,
 256:Drivers/CMSIS/Include/cmsis_gcc.h ****            after the instruction has been completed.
 257:Drivers/CMSIS/Include/cmsis_gcc.h ****  */
 258:Drivers/CMSIS/Include/cmsis_gcc.h **** __STATIC_FORCEINLINE void __ISB(void)
 259:Drivers/CMSIS/Include/cmsis_gcc.h **** {
 260:Drivers/CMSIS/Include/cmsis_gcc.h ****   __ASM volatile ("isb 0xF":::"memory");
 261:Drivers/CMSIS/Include/cmsis_gcc.h **** }
 262:Drivers/CMSIS/Include/cmsis_gcc.h **** 
 263:Drivers/CMSIS/Include/cmsis_gcc.h **** 
 264:Drivers/CMSIS/Include/cmsis_gcc.h **** /**
 265:Drivers/CMSIS/Include/cmsis_gcc.h ****   \brief   Data Synchronization Barrier
 266:Drivers/CMSIS/Include/cmsis_gcc.h ****   \details Acts as a special kind of Data Memory Barrier.
 267:Drivers/CMSIS/Include/cmsis_gcc.h ****            It completes when all explicit memory accesses before this instruction complete.
 268:Drivers/CMSIS/Include/cmsis_gcc.h ****  */
 269:Drivers/CMSIS/Include/cmsis_gcc.h **** __STATIC_FORCEINLINE void __DSB(void)
 270:Drivers/CMSIS/Include/cmsis_gcc.h **** {
 271:Drivers/CMSIS/Include/cmsis_gcc.h ****   __ASM volatile ("dsb 0xF":::"memory");
 272:Drivers/CMSIS/Include/cmsis_gcc.h **** }
 273:Drivers/CMSIS/Include/cmsis_gcc.h **** 
 274:Drivers/CMSIS/Include/cmsis_gcc.h **** 
 275:Drivers/CMSIS/Include/cmsis_gcc.h **** /**
 276:Drivers/CMSIS/Include/cmsis_gcc.h ****   \brief   Data Memory Barrier
 277:Drivers/CMSIS/Include/cmsis_gcc.h ****   \details Ensures the apparent order of the explicit memory operations before
 278:Drivers/CMSIS/Include/cmsis_gcc.h ****            and after the instruction, without ensuring their completion.
 279:Drivers/CMSIS/Include/cmsis_gcc.h ****  */
 280:Drivers/CMSIS/Include/cmsis_gcc.h **** __STATIC_FORCEINLINE void __DMB(void)
 281:Drivers/CMSIS/Include/cmsis_gcc.h **** {
 282:Drivers/CMSIS/Include/cmsis_gcc.h ****   __ASM volatile ("dmb 0xF":::"memory");
 283:Drivers/CMSIS/Include/cmsis_gcc.h **** }
 284:Drivers/CMSIS/Include/cmsis_gcc.h **** 
 285:Drivers/CMSIS/Include/cmsis_gcc.h **** 
 286:Drivers/CMSIS/Include/cmsis_gcc.h **** /**
 287:Drivers/CMSIS/Include/cmsis_gcc.h ****   \brief   Reverse byte order (32 bit)
 288:Drivers/CMSIS/Include/cmsis_gcc.h ****   \details Reverses the byte order in unsigned integer value. For example, 0x12345678 becomes 0x785
 289:Drivers/CMSIS/Include/cmsis_gcc.h ****   \param [in]    value  Value to reverse
ARM GAS  /var/folders/np/cy0ytwg113sbchhj8slf0nc00000gn/T//ccTdDOwl.s 			page 20


 290:Drivers/CMSIS/Include/cmsis_gcc.h ****   \return               Reversed value
 291:Drivers/CMSIS/Include/cmsis_gcc.h ****  */
 292:Drivers/CMSIS/Include/cmsis_gcc.h **** __STATIC_FORCEINLINE uint32_t __REV(uint32_t value)
 293:Drivers/CMSIS/Include/cmsis_gcc.h **** {
 294:Drivers/CMSIS/Include/cmsis_gcc.h **** #if (__GNUC__ > 4) || (__GNUC__ == 4 && __GNUC_MINOR__ >= 5)
 295:Drivers/CMSIS/Include/cmsis_gcc.h ****   return __builtin_bswap32(value);
 296:Drivers/CMSIS/Include/cmsis_gcc.h **** #else
 297:Drivers/CMSIS/Include/cmsis_gcc.h ****   uint32_t result;
 298:Drivers/CMSIS/Include/cmsis_gcc.h **** 
 299:Drivers/CMSIS/Include/cmsis_gcc.h ****   __ASM ("rev %0, %1" : __CMSIS_GCC_OUT_REG (result) : __CMSIS_GCC_USE_REG (value) );
 300:Drivers/CMSIS/Include/cmsis_gcc.h ****   return result;
 301:Drivers/CMSIS/Include/cmsis_gcc.h **** #endif
 302:Drivers/CMSIS/Include/cmsis_gcc.h **** }
 303:Drivers/CMSIS/Include/cmsis_gcc.h **** 
 304:Drivers/CMSIS/Include/cmsis_gcc.h **** 
 305:Drivers/CMSIS/Include/cmsis_gcc.h **** /**
 306:Drivers/CMSIS/Include/cmsis_gcc.h ****   \brief   Reverse byte order (16 bit)
 307:Drivers/CMSIS/Include/cmsis_gcc.h ****   \details Reverses the byte order within each halfword of a word. For example, 0x12345678 becomes 
 308:Drivers/CMSIS/Include/cmsis_gcc.h ****   \param [in]    value  Value to reverse
 309:Drivers/CMSIS/Include/cmsis_gcc.h ****   \return               Reversed value
 310:Drivers/CMSIS/Include/cmsis_gcc.h ****  */
 311:Drivers/CMSIS/Include/cmsis_gcc.h **** __STATIC_FORCEINLINE uint32_t __REV16(uint32_t value)
 312:Drivers/CMSIS/Include/cmsis_gcc.h **** {
 313:Drivers/CMSIS/Include/cmsis_gcc.h ****   uint32_t result;
 314:Drivers/CMSIS/Include/cmsis_gcc.h **** 
 315:Drivers/CMSIS/Include/cmsis_gcc.h ****   __ASM ("rev16 %0, %1" : __CMSIS_GCC_OUT_REG (result) : __CMSIS_GCC_USE_REG (value) );
 316:Drivers/CMSIS/Include/cmsis_gcc.h ****   return result;
 317:Drivers/CMSIS/Include/cmsis_gcc.h **** }
 318:Drivers/CMSIS/Include/cmsis_gcc.h **** 
 319:Drivers/CMSIS/Include/cmsis_gcc.h **** 
 320:Drivers/CMSIS/Include/cmsis_gcc.h **** /**
 321:Drivers/CMSIS/Include/cmsis_gcc.h ****   \brief   Reverse byte order (16 bit)
 322:Drivers/CMSIS/Include/cmsis_gcc.h ****   \details Reverses the byte order in a 16-bit value and returns the signed 16-bit result. For exam
 323:Drivers/CMSIS/Include/cmsis_gcc.h ****   \param [in]    value  Value to reverse
 324:Drivers/CMSIS/Include/cmsis_gcc.h ****   \return               Reversed value
 325:Drivers/CMSIS/Include/cmsis_gcc.h ****  */
 326:Drivers/CMSIS/Include/cmsis_gcc.h **** __STATIC_FORCEINLINE int16_t __REVSH(int16_t value)
 327:Drivers/CMSIS/Include/cmsis_gcc.h **** {
 328:Drivers/CMSIS/Include/cmsis_gcc.h **** #if (__GNUC__ > 4) || (__GNUC__ == 4 && __GNUC_MINOR__ >= 8)
 329:Drivers/CMSIS/Include/cmsis_gcc.h ****   return (int16_t)__builtin_bswap16(value);
 330:Drivers/CMSIS/Include/cmsis_gcc.h **** #else
 331:Drivers/CMSIS/Include/cmsis_gcc.h ****   int16_t result;
 332:Drivers/CMSIS/Include/cmsis_gcc.h **** 
 333:Drivers/CMSIS/Include/cmsis_gcc.h ****   __ASM ("revsh %0, %1" : __CMSIS_GCC_OUT_REG (result) : __CMSIS_GCC_USE_REG (value) );
 334:Drivers/CMSIS/Include/cmsis_gcc.h ****   return result;
 335:Drivers/CMSIS/Include/cmsis_gcc.h **** #endif
 336:Drivers/CMSIS/Include/cmsis_gcc.h **** }
 337:Drivers/CMSIS/Include/cmsis_gcc.h **** 
 338:Drivers/CMSIS/Include/cmsis_gcc.h **** 
 339:Drivers/CMSIS/Include/cmsis_gcc.h **** /**
 340:Drivers/CMSIS/Include/cmsis_gcc.h ****   \brief   Rotate Right in unsigned value (32 bit)
 341:Drivers/CMSIS/Include/cmsis_gcc.h ****   \details Rotate Right (immediate) provides the value of the contents of a register rotated by a v
 342:Drivers/CMSIS/Include/cmsis_gcc.h ****   \param [in]    op1  Value to rotate
 343:Drivers/CMSIS/Include/cmsis_gcc.h ****   \param [in]    op2  Number of Bits to rotate
 344:Drivers/CMSIS/Include/cmsis_gcc.h ****   \return               Rotated value
 345:Drivers/CMSIS/Include/cmsis_gcc.h ****  */
 346:Drivers/CMSIS/Include/cmsis_gcc.h **** __STATIC_FORCEINLINE uint32_t __ROR(uint32_t op1, uint32_t op2)
ARM GAS  /var/folders/np/cy0ytwg113sbchhj8slf0nc00000gn/T//ccTdDOwl.s 			page 21


 347:Drivers/CMSIS/Include/cmsis_gcc.h **** {
 348:Drivers/CMSIS/Include/cmsis_gcc.h ****   op2 %= 32U;
 349:Drivers/CMSIS/Include/cmsis_gcc.h ****   if (op2 == 0U)
 350:Drivers/CMSIS/Include/cmsis_gcc.h ****   {
 351:Drivers/CMSIS/Include/cmsis_gcc.h ****     return op1;
 352:Drivers/CMSIS/Include/cmsis_gcc.h ****   }
 353:Drivers/CMSIS/Include/cmsis_gcc.h ****   return (op1 >> op2) | (op1 << (32U - op2));
 354:Drivers/CMSIS/Include/cmsis_gcc.h **** }
 355:Drivers/CMSIS/Include/cmsis_gcc.h **** 
 356:Drivers/CMSIS/Include/cmsis_gcc.h **** 
 357:Drivers/CMSIS/Include/cmsis_gcc.h **** /**
 358:Drivers/CMSIS/Include/cmsis_gcc.h ****   \brief   Breakpoint
 359:Drivers/CMSIS/Include/cmsis_gcc.h ****   \details Causes the processor to enter Debug state.
 360:Drivers/CMSIS/Include/cmsis_gcc.h ****            Debug tools can use this to investigate system state when the instruction at a particula
 361:Drivers/CMSIS/Include/cmsis_gcc.h ****   \param [in]    value  is ignored by the processor.
 362:Drivers/CMSIS/Include/cmsis_gcc.h ****                  If required, a debugger can use it to store additional information about the break
 363:Drivers/CMSIS/Include/cmsis_gcc.h ****  */
 364:Drivers/CMSIS/Include/cmsis_gcc.h **** #define __BKPT(value)                       __ASM volatile ("bkpt "#value)
 365:Drivers/CMSIS/Include/cmsis_gcc.h **** 
 366:Drivers/CMSIS/Include/cmsis_gcc.h **** 
 367:Drivers/CMSIS/Include/cmsis_gcc.h **** /**
 368:Drivers/CMSIS/Include/cmsis_gcc.h ****   \brief   Reverse bit order of value
 369:Drivers/CMSIS/Include/cmsis_gcc.h ****   \details Reverses the bit order of the given value.
 370:Drivers/CMSIS/Include/cmsis_gcc.h ****   \param [in]    value  Value to reverse
 371:Drivers/CMSIS/Include/cmsis_gcc.h ****   \return               Reversed value
 372:Drivers/CMSIS/Include/cmsis_gcc.h ****  */
 373:Drivers/CMSIS/Include/cmsis_gcc.h **** __STATIC_FORCEINLINE uint32_t __RBIT(uint32_t value)
 374:Drivers/CMSIS/Include/cmsis_gcc.h **** {
 375:Drivers/CMSIS/Include/cmsis_gcc.h ****   uint32_t result;
 376:Drivers/CMSIS/Include/cmsis_gcc.h **** 
 377:Drivers/CMSIS/Include/cmsis_gcc.h **** #if ((defined (__ARM_ARCH_7M__      ) && (__ARM_ARCH_7M__      == 1)) || \
 378:Drivers/CMSIS/Include/cmsis_gcc.h ****      (defined (__ARM_ARCH_7EM__     ) && (__ARM_ARCH_7EM__     == 1)) || \
 379:Drivers/CMSIS/Include/cmsis_gcc.h ****      (defined (__ARM_ARCH_8M_MAIN__ ) && (__ARM_ARCH_8M_MAIN__ == 1))    )
 380:Drivers/CMSIS/Include/cmsis_gcc.h ****    __ASM ("rbit %0, %1" : "=r" (result) : "r" (value) );
 381:Drivers/CMSIS/Include/cmsis_gcc.h **** #else
 382:Drivers/CMSIS/Include/cmsis_gcc.h ****   uint32_t s = (4U /*sizeof(v)*/ * 8U) - 1U; /* extra shift needed at end */
 383:Drivers/CMSIS/Include/cmsis_gcc.h **** 
 384:Drivers/CMSIS/Include/cmsis_gcc.h ****   result = value;                      /* r will be reversed bits of v; first get LSB of v */
 385:Drivers/CMSIS/Include/cmsis_gcc.h ****   for (value >>= 1U; value != 0U; value >>= 1U)
 386:Drivers/CMSIS/Include/cmsis_gcc.h ****   {
 387:Drivers/CMSIS/Include/cmsis_gcc.h ****     result <<= 1U;
 388:Drivers/CMSIS/Include/cmsis_gcc.h ****     result |= value & 1U;
 389:Drivers/CMSIS/Include/cmsis_gcc.h ****     s--;
 390:Drivers/CMSIS/Include/cmsis_gcc.h ****   }
 391:Drivers/CMSIS/Include/cmsis_gcc.h ****   result <<= s;                        /* shift when v's highest bits are zero */
 392:Drivers/CMSIS/Include/cmsis_gcc.h **** #endif
 393:Drivers/CMSIS/Include/cmsis_gcc.h ****   return result;
 394:Drivers/CMSIS/Include/cmsis_gcc.h **** }
 395:Drivers/CMSIS/Include/cmsis_gcc.h **** 
 396:Drivers/CMSIS/Include/cmsis_gcc.h **** 
 397:Drivers/CMSIS/Include/cmsis_gcc.h **** /**
 398:Drivers/CMSIS/Include/cmsis_gcc.h ****   \brief   Count leading zeros
 399:Drivers/CMSIS/Include/cmsis_gcc.h ****   \details Counts the number of leading zeros of a data value.
 400:Drivers/CMSIS/Include/cmsis_gcc.h ****   \param [in]  value  Value to count the leading zeros
 401:Drivers/CMSIS/Include/cmsis_gcc.h ****   \return             number of leading zeros in value
 402:Drivers/CMSIS/Include/cmsis_gcc.h ****  */
 403:Drivers/CMSIS/Include/cmsis_gcc.h **** __STATIC_FORCEINLINE uint8_t __CLZ(uint32_t value)
ARM GAS  /var/folders/np/cy0ytwg113sbchhj8slf0nc00000gn/T//ccTdDOwl.s 			page 22


 404:Drivers/CMSIS/Include/cmsis_gcc.h **** {
 405:Drivers/CMSIS/Include/cmsis_gcc.h ****   /* Even though __builtin_clz produces a CLZ instruction on ARM, formally
 406:Drivers/CMSIS/Include/cmsis_gcc.h ****      __builtin_clz(0) is undefined behaviour, so handle this case specially.
 407:Drivers/CMSIS/Include/cmsis_gcc.h ****      This guarantees ARM-compatible results if happening to compile on a non-ARM
 408:Drivers/CMSIS/Include/cmsis_gcc.h ****      target, and ensures the compiler doesn't decide to activate any
 409:Drivers/CMSIS/Include/cmsis_gcc.h ****      optimisations using the logic "value was passed to __builtin_clz, so it
 410:Drivers/CMSIS/Include/cmsis_gcc.h ****      is non-zero".
 411:Drivers/CMSIS/Include/cmsis_gcc.h ****      ARM GCC 7.3 and possibly earlier will optimise this test away, leaving a
 412:Drivers/CMSIS/Include/cmsis_gcc.h ****      single CLZ instruction.
 413:Drivers/CMSIS/Include/cmsis_gcc.h ****    */
 414:Drivers/CMSIS/Include/cmsis_gcc.h ****   if (value == 0U)
 415:Drivers/CMSIS/Include/cmsis_gcc.h ****   {
 416:Drivers/CMSIS/Include/cmsis_gcc.h ****     return 32U;
 417:Drivers/CMSIS/Include/cmsis_gcc.h ****   }
 418:Drivers/CMSIS/Include/cmsis_gcc.h ****   return __builtin_clz(value);
 419:Drivers/CMSIS/Include/cmsis_gcc.h **** }
 420:Drivers/CMSIS/Include/cmsis_gcc.h **** 
 421:Drivers/CMSIS/Include/cmsis_gcc.h **** 
 422:Drivers/CMSIS/Include/cmsis_gcc.h **** #if ((defined (__ARM_ARCH_7M__      ) && (__ARM_ARCH_7M__      == 1)) || \
 423:Drivers/CMSIS/Include/cmsis_gcc.h ****      (defined (__ARM_ARCH_7EM__     ) && (__ARM_ARCH_7EM__     == 1)) || \
 424:Drivers/CMSIS/Include/cmsis_gcc.h ****      (defined (__ARM_ARCH_8M_MAIN__ ) && (__ARM_ARCH_8M_MAIN__ == 1)) || \
 425:Drivers/CMSIS/Include/cmsis_gcc.h ****      (defined (__ARM_ARCH_8M_BASE__ ) && (__ARM_ARCH_8M_BASE__ == 1))    )
 426:Drivers/CMSIS/Include/cmsis_gcc.h **** /**
 427:Drivers/CMSIS/Include/cmsis_gcc.h ****   \brief   LDR Exclusive (8 bit)
 428:Drivers/CMSIS/Include/cmsis_gcc.h ****   \details Executes a exclusive LDR instruction for 8 bit value.
 429:Drivers/CMSIS/Include/cmsis_gcc.h ****   \param [in]    ptr  Pointer to data
 430:Drivers/CMSIS/Include/cmsis_gcc.h ****   \return             value of type uint8_t at (*ptr)
 431:Drivers/CMSIS/Include/cmsis_gcc.h ****  */
 432:Drivers/CMSIS/Include/cmsis_gcc.h **** __STATIC_FORCEINLINE uint8_t __LDREXB(volatile uint8_t *addr)
 433:Drivers/CMSIS/Include/cmsis_gcc.h **** {
 434:Drivers/CMSIS/Include/cmsis_gcc.h ****     uint32_t result;
 435:Drivers/CMSIS/Include/cmsis_gcc.h **** 
 436:Drivers/CMSIS/Include/cmsis_gcc.h **** #if (__GNUC__ > 4) || (__GNUC__ == 4 && __GNUC_MINOR__ >= 8)
 437:Drivers/CMSIS/Include/cmsis_gcc.h ****    __ASM volatile ("ldrexb %0, %1" : "=r" (result) : "Q" (*addr) );
 438:Drivers/CMSIS/Include/cmsis_gcc.h **** #else
 439:Drivers/CMSIS/Include/cmsis_gcc.h ****     /* Prior to GCC 4.8, "Q" will be expanded to [rx, #0] which is not
 440:Drivers/CMSIS/Include/cmsis_gcc.h ****        accepted by assembler. So has to use following less efficient pattern.
 441:Drivers/CMSIS/Include/cmsis_gcc.h ****     */
 442:Drivers/CMSIS/Include/cmsis_gcc.h ****    __ASM volatile ("ldrexb %0, [%1]" : "=r" (result) : "r" (addr) : "memory" );
 443:Drivers/CMSIS/Include/cmsis_gcc.h **** #endif
 444:Drivers/CMSIS/Include/cmsis_gcc.h ****    return ((uint8_t) result);    /* Add explicit type cast here */
 445:Drivers/CMSIS/Include/cmsis_gcc.h **** }
 446:Drivers/CMSIS/Include/cmsis_gcc.h **** 
 447:Drivers/CMSIS/Include/cmsis_gcc.h **** 
 448:Drivers/CMSIS/Include/cmsis_gcc.h **** /**
 449:Drivers/CMSIS/Include/cmsis_gcc.h ****   \brief   LDR Exclusive (16 bit)
 450:Drivers/CMSIS/Include/cmsis_gcc.h ****   \details Executes a exclusive LDR instruction for 16 bit values.
 451:Drivers/CMSIS/Include/cmsis_gcc.h ****   \param [in]    ptr  Pointer to data
 452:Drivers/CMSIS/Include/cmsis_gcc.h ****   \return        value of type uint16_t at (*ptr)
 453:Drivers/CMSIS/Include/cmsis_gcc.h ****  */
 454:Drivers/CMSIS/Include/cmsis_gcc.h **** __STATIC_FORCEINLINE uint16_t __LDREXH(volatile uint16_t *addr)
 455:Drivers/CMSIS/Include/cmsis_gcc.h **** {
 456:Drivers/CMSIS/Include/cmsis_gcc.h ****     uint32_t result;
 457:Drivers/CMSIS/Include/cmsis_gcc.h **** 
 458:Drivers/CMSIS/Include/cmsis_gcc.h **** #if (__GNUC__ > 4) || (__GNUC__ == 4 && __GNUC_MINOR__ >= 8)
 459:Drivers/CMSIS/Include/cmsis_gcc.h ****    __ASM volatile ("ldrexh %0, %1" : "=r" (result) : "Q" (*addr) );
 460:Drivers/CMSIS/Include/cmsis_gcc.h **** #else
ARM GAS  /var/folders/np/cy0ytwg113sbchhj8slf0nc00000gn/T//ccTdDOwl.s 			page 23


 461:Drivers/CMSIS/Include/cmsis_gcc.h ****     /* Prior to GCC 4.8, "Q" will be expanded to [rx, #0] which is not
 462:Drivers/CMSIS/Include/cmsis_gcc.h ****        accepted by assembler. So has to use following less efficient pattern.
 463:Drivers/CMSIS/Include/cmsis_gcc.h ****     */
 464:Drivers/CMSIS/Include/cmsis_gcc.h ****    __ASM volatile ("ldrexh %0, [%1]" : "=r" (result) : "r" (addr) : "memory" );
 465:Drivers/CMSIS/Include/cmsis_gcc.h **** #endif
 466:Drivers/CMSIS/Include/cmsis_gcc.h ****    return ((uint16_t) result);    /* Add explicit type cast here */
 467:Drivers/CMSIS/Include/cmsis_gcc.h **** }
 468:Drivers/CMSIS/Include/cmsis_gcc.h **** 
 469:Drivers/CMSIS/Include/cmsis_gcc.h **** 
 470:Drivers/CMSIS/Include/cmsis_gcc.h **** /**
 471:Drivers/CMSIS/Include/cmsis_gcc.h ****   \brief   LDR Exclusive (32 bit)
 472:Drivers/CMSIS/Include/cmsis_gcc.h ****   \details Executes a exclusive LDR instruction for 32 bit values.
 473:Drivers/CMSIS/Include/cmsis_gcc.h ****   \param [in]    ptr  Pointer to data
 474:Drivers/CMSIS/Include/cmsis_gcc.h ****   \return        value of type uint32_t at (*ptr)
 475:Drivers/CMSIS/Include/cmsis_gcc.h ****  */
 476:Drivers/CMSIS/Include/cmsis_gcc.h **** __STATIC_FORCEINLINE uint32_t __LDREXW(volatile uint32_t *addr)
 477:Drivers/CMSIS/Include/cmsis_gcc.h **** {
 478:Drivers/CMSIS/Include/cmsis_gcc.h ****     uint32_t result;
 479:Drivers/CMSIS/Include/cmsis_gcc.h **** 
 480:Drivers/CMSIS/Include/cmsis_gcc.h ****    __ASM volatile ("ldrex %0, %1" : "=r" (result) : "Q" (*addr) );
 481:Drivers/CMSIS/Include/cmsis_gcc.h ****    return(result);
 482:Drivers/CMSIS/Include/cmsis_gcc.h **** }
 483:Drivers/CMSIS/Include/cmsis_gcc.h **** 
 484:Drivers/CMSIS/Include/cmsis_gcc.h **** 
 485:Drivers/CMSIS/Include/cmsis_gcc.h **** /**
 486:Drivers/CMSIS/Include/cmsis_gcc.h ****   \brief   STR Exclusive (8 bit)
 487:Drivers/CMSIS/Include/cmsis_gcc.h ****   \details Executes a exclusive STR instruction for 8 bit values.
 488:Drivers/CMSIS/Include/cmsis_gcc.h ****   \param [in]  value  Value to store
 489:Drivers/CMSIS/Include/cmsis_gcc.h ****   \param [in]    ptr  Pointer to location
 490:Drivers/CMSIS/Include/cmsis_gcc.h ****   \return          0  Function succeeded
 491:Drivers/CMSIS/Include/cmsis_gcc.h ****   \return          1  Function failed
 492:Drivers/CMSIS/Include/cmsis_gcc.h ****  */
 493:Drivers/CMSIS/Include/cmsis_gcc.h **** __STATIC_FORCEINLINE uint32_t __STREXB(uint8_t value, volatile uint8_t *addr)
 494:Drivers/CMSIS/Include/cmsis_gcc.h **** {
 495:Drivers/CMSIS/Include/cmsis_gcc.h ****    uint32_t result;
 496:Drivers/CMSIS/Include/cmsis_gcc.h **** 
 497:Drivers/CMSIS/Include/cmsis_gcc.h ****    __ASM volatile ("strexb %0, %2, %1" : "=&r" (result), "=Q" (*addr) : "r" ((uint32_t)value) );
 498:Drivers/CMSIS/Include/cmsis_gcc.h ****    return(result);
 499:Drivers/CMSIS/Include/cmsis_gcc.h **** }
 500:Drivers/CMSIS/Include/cmsis_gcc.h **** 
 501:Drivers/CMSIS/Include/cmsis_gcc.h **** 
 502:Drivers/CMSIS/Include/cmsis_gcc.h **** /**
 503:Drivers/CMSIS/Include/cmsis_gcc.h ****   \brief   STR Exclusive (16 bit)
 504:Drivers/CMSIS/Include/cmsis_gcc.h ****   \details Executes a exclusive STR instruction for 16 bit values.
 505:Drivers/CMSIS/Include/cmsis_gcc.h ****   \param [in]  value  Value to store
 506:Drivers/CMSIS/Include/cmsis_gcc.h ****   \param [in]    ptr  Pointer to location
 507:Drivers/CMSIS/Include/cmsis_gcc.h ****   \return          0  Function succeeded
 508:Drivers/CMSIS/Include/cmsis_gcc.h ****   \return          1  Function failed
 509:Drivers/CMSIS/Include/cmsis_gcc.h ****  */
 510:Drivers/CMSIS/Include/cmsis_gcc.h **** __STATIC_FORCEINLINE uint32_t __STREXH(uint16_t value, volatile uint16_t *addr)
 511:Drivers/CMSIS/Include/cmsis_gcc.h **** {
 512:Drivers/CMSIS/Include/cmsis_gcc.h ****    uint32_t result;
 513:Drivers/CMSIS/Include/cmsis_gcc.h **** 
 514:Drivers/CMSIS/Include/cmsis_gcc.h ****    __ASM volatile ("strexh %0, %2, %1" : "=&r" (result), "=Q" (*addr) : "r" ((uint32_t)value) );
 515:Drivers/CMSIS/Include/cmsis_gcc.h ****    return(result);
 516:Drivers/CMSIS/Include/cmsis_gcc.h **** }
 517:Drivers/CMSIS/Include/cmsis_gcc.h **** 
ARM GAS  /var/folders/np/cy0ytwg113sbchhj8slf0nc00000gn/T//ccTdDOwl.s 			page 24


 518:Drivers/CMSIS/Include/cmsis_gcc.h **** 
 519:Drivers/CMSIS/Include/cmsis_gcc.h **** /**
 520:Drivers/CMSIS/Include/cmsis_gcc.h ****   \brief   STR Exclusive (32 bit)
 521:Drivers/CMSIS/Include/cmsis_gcc.h ****   \details Executes a exclusive STR instruction for 32 bit values.
 522:Drivers/CMSIS/Include/cmsis_gcc.h ****   \param [in]  value  Value to store
 523:Drivers/CMSIS/Include/cmsis_gcc.h ****   \param [in]    ptr  Pointer to location
 524:Drivers/CMSIS/Include/cmsis_gcc.h ****   \return          0  Function succeeded
 525:Drivers/CMSIS/Include/cmsis_gcc.h ****   \return          1  Function failed
 526:Drivers/CMSIS/Include/cmsis_gcc.h ****  */
 527:Drivers/CMSIS/Include/cmsis_gcc.h **** __STATIC_FORCEINLINE uint32_t __STREXW(uint32_t value, volatile uint32_t *addr)
 528:Drivers/CMSIS/Include/cmsis_gcc.h **** {
 529:Drivers/CMSIS/Include/cmsis_gcc.h ****    uint32_t result;
 530:Drivers/CMSIS/Include/cmsis_gcc.h **** 
 531:Drivers/CMSIS/Include/cmsis_gcc.h ****    __ASM volatile ("strex %0, %2, %1" : "=&r" (result), "=Q" (*addr) : "r" (value) );
 532:Drivers/CMSIS/Include/cmsis_gcc.h ****    return(result);
 533:Drivers/CMSIS/Include/cmsis_gcc.h **** }
 534:Drivers/CMSIS/Include/cmsis_gcc.h **** 
 535:Drivers/CMSIS/Include/cmsis_gcc.h **** 
 536:Drivers/CMSIS/Include/cmsis_gcc.h **** /**
 537:Drivers/CMSIS/Include/cmsis_gcc.h ****   \brief   Remove the exclusive lock
 538:Drivers/CMSIS/Include/cmsis_gcc.h ****   \details Removes the exclusive lock which is created by LDREX.
 539:Drivers/CMSIS/Include/cmsis_gcc.h ****  */
 540:Drivers/CMSIS/Include/cmsis_gcc.h **** __STATIC_FORCEINLINE void __CLREX(void)
 541:Drivers/CMSIS/Include/cmsis_gcc.h **** {
 542:Drivers/CMSIS/Include/cmsis_gcc.h ****   __ASM volatile ("clrex" ::: "memory");
 543:Drivers/CMSIS/Include/cmsis_gcc.h **** }
 544:Drivers/CMSIS/Include/cmsis_gcc.h **** 
 545:Drivers/CMSIS/Include/cmsis_gcc.h **** #endif /* ((defined (__ARM_ARCH_7M__      ) && (__ARM_ARCH_7M__      == 1)) || \
 546:Drivers/CMSIS/Include/cmsis_gcc.h ****            (defined (__ARM_ARCH_7EM__     ) && (__ARM_ARCH_7EM__     == 1)) || \
 547:Drivers/CMSIS/Include/cmsis_gcc.h ****            (defined (__ARM_ARCH_8M_MAIN__ ) && (__ARM_ARCH_8M_MAIN__ == 1)) || \
 548:Drivers/CMSIS/Include/cmsis_gcc.h ****            (defined (__ARM_ARCH_8M_BASE__ ) && (__ARM_ARCH_8M_BASE__ == 1))    ) */
 549:Drivers/CMSIS/Include/cmsis_gcc.h **** 
 550:Drivers/CMSIS/Include/cmsis_gcc.h **** 
 551:Drivers/CMSIS/Include/cmsis_gcc.h **** #if ((defined (__ARM_ARCH_7M__      ) && (__ARM_ARCH_7M__      == 1)) || \
 552:Drivers/CMSIS/Include/cmsis_gcc.h ****      (defined (__ARM_ARCH_7EM__     ) && (__ARM_ARCH_7EM__     == 1)) || \
 553:Drivers/CMSIS/Include/cmsis_gcc.h ****      (defined (__ARM_ARCH_8M_MAIN__ ) && (__ARM_ARCH_8M_MAIN__ == 1))    )
 554:Drivers/CMSIS/Include/cmsis_gcc.h **** /**
 555:Drivers/CMSIS/Include/cmsis_gcc.h ****   \brief   Signed Saturate
 556:Drivers/CMSIS/Include/cmsis_gcc.h ****   \details Saturates a signed value.
 557:Drivers/CMSIS/Include/cmsis_gcc.h ****   \param [in]  ARG1  Value to be saturated
 558:Drivers/CMSIS/Include/cmsis_gcc.h ****   \param [in]  ARG2  Bit position to saturate to (1..32)
 559:Drivers/CMSIS/Include/cmsis_gcc.h ****   \return             Saturated value
 560:Drivers/CMSIS/Include/cmsis_gcc.h ****  */
 561:Drivers/CMSIS/Include/cmsis_gcc.h **** #define __SSAT(ARG1, ARG2) \
 562:Drivers/CMSIS/Include/cmsis_gcc.h **** __extension__ \
 563:Drivers/CMSIS/Include/cmsis_gcc.h **** ({                          \
 564:Drivers/CMSIS/Include/cmsis_gcc.h ****   int32_t __RES, __ARG1 = (ARG1); \
 565:Drivers/CMSIS/Include/cmsis_gcc.h ****   __ASM volatile ("ssat %0, %1, %2" : "=r" (__RES) :  "I" (ARG2), "r" (__ARG1) : "cc" ); \
 566:Drivers/CMSIS/Include/cmsis_gcc.h ****   __RES; \
 567:Drivers/CMSIS/Include/cmsis_gcc.h ****  })
 568:Drivers/CMSIS/Include/cmsis_gcc.h **** 
 569:Drivers/CMSIS/Include/cmsis_gcc.h **** 
 570:Drivers/CMSIS/Include/cmsis_gcc.h **** /**
 571:Drivers/CMSIS/Include/cmsis_gcc.h ****   \brief   Unsigned Saturate
 572:Drivers/CMSIS/Include/cmsis_gcc.h ****   \details Saturates an unsigned value.
 573:Drivers/CMSIS/Include/cmsis_gcc.h ****   \param [in]  ARG1  Value to be saturated
 574:Drivers/CMSIS/Include/cmsis_gcc.h ****   \param [in]  ARG2  Bit position to saturate to (0..31)
ARM GAS  /var/folders/np/cy0ytwg113sbchhj8slf0nc00000gn/T//ccTdDOwl.s 			page 25


 575:Drivers/CMSIS/Include/cmsis_gcc.h ****   \return             Saturated value
 576:Drivers/CMSIS/Include/cmsis_gcc.h ****  */
 577:Drivers/CMSIS/Include/cmsis_gcc.h **** #define __USAT(ARG1, ARG2) \
 578:Drivers/CMSIS/Include/cmsis_gcc.h **** __extension__ \
 579:Drivers/CMSIS/Include/cmsis_gcc.h **** ({                          \
 580:Drivers/CMSIS/Include/cmsis_gcc.h ****   uint32_t __RES, __ARG1 = (ARG1); \
 581:Drivers/CMSIS/Include/cmsis_gcc.h ****   __ASM volatile ("usat %0, %1, %2" : "=r" (__RES) :  "I" (ARG2), "r" (__ARG1) : "cc" ); \
 582:Drivers/CMSIS/Include/cmsis_gcc.h ****   __RES; \
 583:Drivers/CMSIS/Include/cmsis_gcc.h ****  })
 584:Drivers/CMSIS/Include/cmsis_gcc.h **** 
 585:Drivers/CMSIS/Include/cmsis_gcc.h **** 
 586:Drivers/CMSIS/Include/cmsis_gcc.h **** /**
 587:Drivers/CMSIS/Include/cmsis_gcc.h ****   \brief   Rotate Right with Extend (32 bit)
 588:Drivers/CMSIS/Include/cmsis_gcc.h ****   \details Moves each bit of a bitstring right by one bit.
 589:Drivers/CMSIS/Include/cmsis_gcc.h ****            The carry input is shifted in at the left end of the bitstring.
 590:Drivers/CMSIS/Include/cmsis_gcc.h ****   \param [in]    value  Value to rotate
 591:Drivers/CMSIS/Include/cmsis_gcc.h ****   \return               Rotated value
 592:Drivers/CMSIS/Include/cmsis_gcc.h ****  */
 593:Drivers/CMSIS/Include/cmsis_gcc.h **** __STATIC_FORCEINLINE uint32_t __RRX(uint32_t value)
 594:Drivers/CMSIS/Include/cmsis_gcc.h **** {
 595:Drivers/CMSIS/Include/cmsis_gcc.h ****   uint32_t result;
 596:Drivers/CMSIS/Include/cmsis_gcc.h **** 
 597:Drivers/CMSIS/Include/cmsis_gcc.h ****   __ASM volatile ("rrx %0, %1" : __CMSIS_GCC_OUT_REG (result) : __CMSIS_GCC_USE_REG (value) );
 598:Drivers/CMSIS/Include/cmsis_gcc.h ****   return(result);
 599:Drivers/CMSIS/Include/cmsis_gcc.h **** }
 600:Drivers/CMSIS/Include/cmsis_gcc.h **** 
 601:Drivers/CMSIS/Include/cmsis_gcc.h **** 
 602:Drivers/CMSIS/Include/cmsis_gcc.h **** /**
 603:Drivers/CMSIS/Include/cmsis_gcc.h ****   \brief   LDRT Unprivileged (8 bit)
 604:Drivers/CMSIS/Include/cmsis_gcc.h ****   \details Executes a Unprivileged LDRT instruction for 8 bit value.
 605:Drivers/CMSIS/Include/cmsis_gcc.h ****   \param [in]    ptr  Pointer to data
 606:Drivers/CMSIS/Include/cmsis_gcc.h ****   \return             value of type uint8_t at (*ptr)
 607:Drivers/CMSIS/Include/cmsis_gcc.h ****  */
 608:Drivers/CMSIS/Include/cmsis_gcc.h **** __STATIC_FORCEINLINE uint8_t __LDRBT(volatile uint8_t *ptr)
 609:Drivers/CMSIS/Include/cmsis_gcc.h **** {
 610:Drivers/CMSIS/Include/cmsis_gcc.h ****     uint32_t result;
 611:Drivers/CMSIS/Include/cmsis_gcc.h **** 
 612:Drivers/CMSIS/Include/cmsis_gcc.h **** #if (__GNUC__ > 4) || (__GNUC__ == 4 && __GNUC_MINOR__ >= 8)
 613:Drivers/CMSIS/Include/cmsis_gcc.h ****    __ASM volatile ("ldrbt %0, %1" : "=r" (result) : "Q" (*ptr) );
 614:Drivers/CMSIS/Include/cmsis_gcc.h **** #else
 615:Drivers/CMSIS/Include/cmsis_gcc.h ****     /* Prior to GCC 4.8, "Q" will be expanded to [rx, #0] which is not
 616:Drivers/CMSIS/Include/cmsis_gcc.h ****        accepted by assembler. So has to use following less efficient pattern.
 617:Drivers/CMSIS/Include/cmsis_gcc.h ****     */
 618:Drivers/CMSIS/Include/cmsis_gcc.h ****    __ASM volatile ("ldrbt %0, [%1]" : "=r" (result) : "r" (ptr) : "memory" );
 619:Drivers/CMSIS/Include/cmsis_gcc.h **** #endif
 620:Drivers/CMSIS/Include/cmsis_gcc.h ****    return ((uint8_t) result);    /* Add explicit type cast here */
 621:Drivers/CMSIS/Include/cmsis_gcc.h **** }
 622:Drivers/CMSIS/Include/cmsis_gcc.h **** 
 623:Drivers/CMSIS/Include/cmsis_gcc.h **** 
 624:Drivers/CMSIS/Include/cmsis_gcc.h **** /**
 625:Drivers/CMSIS/Include/cmsis_gcc.h ****   \brief   LDRT Unprivileged (16 bit)
 626:Drivers/CMSIS/Include/cmsis_gcc.h ****   \details Executes a Unprivileged LDRT instruction for 16 bit values.
 627:Drivers/CMSIS/Include/cmsis_gcc.h ****   \param [in]    ptr  Pointer to data
 628:Drivers/CMSIS/Include/cmsis_gcc.h ****   \return        value of type uint16_t at (*ptr)
 629:Drivers/CMSIS/Include/cmsis_gcc.h ****  */
 630:Drivers/CMSIS/Include/cmsis_gcc.h **** __STATIC_FORCEINLINE uint16_t __LDRHT(volatile uint16_t *ptr)
 631:Drivers/CMSIS/Include/cmsis_gcc.h **** {
ARM GAS  /var/folders/np/cy0ytwg113sbchhj8slf0nc00000gn/T//ccTdDOwl.s 			page 26


 632:Drivers/CMSIS/Include/cmsis_gcc.h ****     uint32_t result;
 633:Drivers/CMSIS/Include/cmsis_gcc.h **** 
 634:Drivers/CMSIS/Include/cmsis_gcc.h **** #if (__GNUC__ > 4) || (__GNUC__ == 4 && __GNUC_MINOR__ >= 8)
 635:Drivers/CMSIS/Include/cmsis_gcc.h ****    __ASM volatile ("ldrht %0, %1" : "=r" (result) : "Q" (*ptr) );
 636:Drivers/CMSIS/Include/cmsis_gcc.h **** #else
 637:Drivers/CMSIS/Include/cmsis_gcc.h ****     /* Prior to GCC 4.8, "Q" will be expanded to [rx, #0] which is not
 638:Drivers/CMSIS/Include/cmsis_gcc.h ****        accepted by assembler. So has to use following less efficient pattern.
 639:Drivers/CMSIS/Include/cmsis_gcc.h ****     */
 640:Drivers/CMSIS/Include/cmsis_gcc.h ****    __ASM volatile ("ldrht %0, [%1]" : "=r" (result) : "r" (ptr) : "memory" );
 641:Drivers/CMSIS/Include/cmsis_gcc.h **** #endif
 642:Drivers/CMSIS/Include/cmsis_gcc.h ****    return ((uint16_t) result);    /* Add explicit type cast here */
 643:Drivers/CMSIS/Include/cmsis_gcc.h **** }
 644:Drivers/CMSIS/Include/cmsis_gcc.h **** 
 645:Drivers/CMSIS/Include/cmsis_gcc.h **** 
 646:Drivers/CMSIS/Include/cmsis_gcc.h **** /**
 647:Drivers/CMSIS/Include/cmsis_gcc.h ****   \brief   LDRT Unprivileged (32 bit)
 648:Drivers/CMSIS/Include/cmsis_gcc.h ****   \details Executes a Unprivileged LDRT instruction for 32 bit values.
 649:Drivers/CMSIS/Include/cmsis_gcc.h ****   \param [in]    ptr  Pointer to data
 650:Drivers/CMSIS/Include/cmsis_gcc.h ****   \return        value of type uint32_t at (*ptr)
 651:Drivers/CMSIS/Include/cmsis_gcc.h ****  */
 652:Drivers/CMSIS/Include/cmsis_gcc.h **** __STATIC_FORCEINLINE uint32_t __LDRT(volatile uint32_t *ptr)
 653:Drivers/CMSIS/Include/cmsis_gcc.h **** {
 654:Drivers/CMSIS/Include/cmsis_gcc.h ****     uint32_t result;
 655:Drivers/CMSIS/Include/cmsis_gcc.h **** 
 656:Drivers/CMSIS/Include/cmsis_gcc.h ****    __ASM volatile ("ldrt %0, %1" : "=r" (result) : "Q" (*ptr) );
 657:Drivers/CMSIS/Include/cmsis_gcc.h ****    return(result);
 658:Drivers/CMSIS/Include/cmsis_gcc.h **** }
 659:Drivers/CMSIS/Include/cmsis_gcc.h **** 
 660:Drivers/CMSIS/Include/cmsis_gcc.h **** 
 661:Drivers/CMSIS/Include/cmsis_gcc.h **** /**
 662:Drivers/CMSIS/Include/cmsis_gcc.h ****   \brief   STRT Unprivileged (8 bit)
 663:Drivers/CMSIS/Include/cmsis_gcc.h ****   \details Executes a Unprivileged STRT instruction for 8 bit values.
 664:Drivers/CMSIS/Include/cmsis_gcc.h ****   \param [in]  value  Value to store
 665:Drivers/CMSIS/Include/cmsis_gcc.h ****   \param [in]    ptr  Pointer to location
 666:Drivers/CMSIS/Include/cmsis_gcc.h ****  */
 667:Drivers/CMSIS/Include/cmsis_gcc.h **** __STATIC_FORCEINLINE void __STRBT(uint8_t value, volatile uint8_t *ptr)
 668:Drivers/CMSIS/Include/cmsis_gcc.h **** {
 669:Drivers/CMSIS/Include/cmsis_gcc.h ****    __ASM volatile ("strbt %1, %0" : "=Q" (*ptr) : "r" ((uint32_t)value) );
 670:Drivers/CMSIS/Include/cmsis_gcc.h **** }
 671:Drivers/CMSIS/Include/cmsis_gcc.h **** 
 672:Drivers/CMSIS/Include/cmsis_gcc.h **** 
 673:Drivers/CMSIS/Include/cmsis_gcc.h **** /**
 674:Drivers/CMSIS/Include/cmsis_gcc.h ****   \brief   STRT Unprivileged (16 bit)
 675:Drivers/CMSIS/Include/cmsis_gcc.h ****   \details Executes a Unprivileged STRT instruction for 16 bit values.
 676:Drivers/CMSIS/Include/cmsis_gcc.h ****   \param [in]  value  Value to store
 677:Drivers/CMSIS/Include/cmsis_gcc.h ****   \param [in]    ptr  Pointer to location
 678:Drivers/CMSIS/Include/cmsis_gcc.h ****  */
 679:Drivers/CMSIS/Include/cmsis_gcc.h **** __STATIC_FORCEINLINE void __STRHT(uint16_t value, volatile uint16_t *ptr)
 680:Drivers/CMSIS/Include/cmsis_gcc.h **** {
 681:Drivers/CMSIS/Include/cmsis_gcc.h ****    __ASM volatile ("strht %1, %0" : "=Q" (*ptr) : "r" ((uint32_t)value) );
 682:Drivers/CMSIS/Include/cmsis_gcc.h **** }
 683:Drivers/CMSIS/Include/cmsis_gcc.h **** 
 684:Drivers/CMSIS/Include/cmsis_gcc.h **** 
 685:Drivers/CMSIS/Include/cmsis_gcc.h **** /**
 686:Drivers/CMSIS/Include/cmsis_gcc.h ****   \brief   STRT Unprivileged (32 bit)
 687:Drivers/CMSIS/Include/cmsis_gcc.h ****   \details Executes a Unprivileged STRT instruction for 32 bit values.
 688:Drivers/CMSIS/Include/cmsis_gcc.h ****   \param [in]  value  Value to store
ARM GAS  /var/folders/np/cy0ytwg113sbchhj8slf0nc00000gn/T//ccTdDOwl.s 			page 27


 689:Drivers/CMSIS/Include/cmsis_gcc.h ****   \param [in]    ptr  Pointer to location
 690:Drivers/CMSIS/Include/cmsis_gcc.h ****  */
 691:Drivers/CMSIS/Include/cmsis_gcc.h **** __STATIC_FORCEINLINE void __STRT(uint32_t value, volatile uint32_t *ptr)
 692:Drivers/CMSIS/Include/cmsis_gcc.h **** {
 693:Drivers/CMSIS/Include/cmsis_gcc.h ****    __ASM volatile ("strt %1, %0" : "=Q" (*ptr) : "r" (value) );
 694:Drivers/CMSIS/Include/cmsis_gcc.h **** }
 695:Drivers/CMSIS/Include/cmsis_gcc.h **** 
 696:Drivers/CMSIS/Include/cmsis_gcc.h **** #else  /* ((defined (__ARM_ARCH_7M__      ) && (__ARM_ARCH_7M__      == 1)) || \
 697:Drivers/CMSIS/Include/cmsis_gcc.h ****            (defined (__ARM_ARCH_7EM__     ) && (__ARM_ARCH_7EM__     == 1)) || \
 698:Drivers/CMSIS/Include/cmsis_gcc.h ****            (defined (__ARM_ARCH_8M_MAIN__ ) && (__ARM_ARCH_8M_MAIN__ == 1))    ) */
 699:Drivers/CMSIS/Include/cmsis_gcc.h **** 
 700:Drivers/CMSIS/Include/cmsis_gcc.h **** /**
 701:Drivers/CMSIS/Include/cmsis_gcc.h ****   \brief   Signed Saturate
 702:Drivers/CMSIS/Include/cmsis_gcc.h ****   \details Saturates a signed value.
 703:Drivers/CMSIS/Include/cmsis_gcc.h ****   \param [in]  value  Value to be saturated
 704:Drivers/CMSIS/Include/cmsis_gcc.h ****   \param [in]    sat  Bit position to saturate to (1..32)
 705:Drivers/CMSIS/Include/cmsis_gcc.h ****   \return             Saturated value
 706:Drivers/CMSIS/Include/cmsis_gcc.h ****  */
 707:Drivers/CMSIS/Include/cmsis_gcc.h **** __STATIC_FORCEINLINE int32_t __SSAT(int32_t val, uint32_t sat)
 708:Drivers/CMSIS/Include/cmsis_gcc.h **** {
 709:Drivers/CMSIS/Include/cmsis_gcc.h ****   if ((sat >= 1U) && (sat <= 32U))
 710:Drivers/CMSIS/Include/cmsis_gcc.h ****   {
 711:Drivers/CMSIS/Include/cmsis_gcc.h ****     const int32_t max = (int32_t)((1U << (sat - 1U)) - 1U);
 712:Drivers/CMSIS/Include/cmsis_gcc.h ****     const int32_t min = -1 - max ;
 713:Drivers/CMSIS/Include/cmsis_gcc.h ****     if (val > max)
 714:Drivers/CMSIS/Include/cmsis_gcc.h ****     {
 715:Drivers/CMSIS/Include/cmsis_gcc.h ****       return max;
 716:Drivers/CMSIS/Include/cmsis_gcc.h ****     }
 717:Drivers/CMSIS/Include/cmsis_gcc.h ****     else if (val < min)
 718:Drivers/CMSIS/Include/cmsis_gcc.h ****     {
 719:Drivers/CMSIS/Include/cmsis_gcc.h ****       return min;
 720:Drivers/CMSIS/Include/cmsis_gcc.h ****     }
 721:Drivers/CMSIS/Include/cmsis_gcc.h ****   }
 722:Drivers/CMSIS/Include/cmsis_gcc.h ****   return val;
 723:Drivers/CMSIS/Include/cmsis_gcc.h **** }
 724:Drivers/CMSIS/Include/cmsis_gcc.h **** 
 725:Drivers/CMSIS/Include/cmsis_gcc.h **** /**
 726:Drivers/CMSIS/Include/cmsis_gcc.h ****   \brief   Unsigned Saturate
 727:Drivers/CMSIS/Include/cmsis_gcc.h ****   \details Saturates an unsigned value.
 728:Drivers/CMSIS/Include/cmsis_gcc.h ****   \param [in]  value  Value to be saturated
 729:Drivers/CMSIS/Include/cmsis_gcc.h ****   \param [in]    sat  Bit position to saturate to (0..31)
 730:Drivers/CMSIS/Include/cmsis_gcc.h ****   \return             Saturated value
 731:Drivers/CMSIS/Include/cmsis_gcc.h ****  */
 732:Drivers/CMSIS/Include/cmsis_gcc.h **** __STATIC_FORCEINLINE uint32_t __USAT(int32_t val, uint32_t sat)
 733:Drivers/CMSIS/Include/cmsis_gcc.h **** {
 734:Drivers/CMSIS/Include/cmsis_gcc.h ****   if (sat <= 31U)
 735:Drivers/CMSIS/Include/cmsis_gcc.h ****   {
 736:Drivers/CMSIS/Include/cmsis_gcc.h ****     const uint32_t max = ((1U << sat) - 1U);
 737:Drivers/CMSIS/Include/cmsis_gcc.h ****     if (val > (int32_t)max)
 738:Drivers/CMSIS/Include/cmsis_gcc.h ****     {
 739:Drivers/CMSIS/Include/cmsis_gcc.h ****       return max;
 740:Drivers/CMSIS/Include/cmsis_gcc.h ****     }
 741:Drivers/CMSIS/Include/cmsis_gcc.h ****     else if (val < 0)
 742:Drivers/CMSIS/Include/cmsis_gcc.h ****     {
 743:Drivers/CMSIS/Include/cmsis_gcc.h ****       return 0U;
 744:Drivers/CMSIS/Include/cmsis_gcc.h ****     }
 745:Drivers/CMSIS/Include/cmsis_gcc.h ****   }
ARM GAS  /var/folders/np/cy0ytwg113sbchhj8slf0nc00000gn/T//ccTdDOwl.s 			page 28


 746:Drivers/CMSIS/Include/cmsis_gcc.h ****   return (uint32_t)val;
 747:Drivers/CMSIS/Include/cmsis_gcc.h **** }
 748:Drivers/CMSIS/Include/cmsis_gcc.h **** 
 749:Drivers/CMSIS/Include/cmsis_gcc.h **** #endif /* ((defined (__ARM_ARCH_7M__      ) && (__ARM_ARCH_7M__      == 1)) || \
 750:Drivers/CMSIS/Include/cmsis_gcc.h ****            (defined (__ARM_ARCH_7EM__     ) && (__ARM_ARCH_7EM__     == 1)) || \
 751:Drivers/CMSIS/Include/cmsis_gcc.h ****            (defined (__ARM_ARCH_8M_MAIN__ ) && (__ARM_ARCH_8M_MAIN__ == 1))    ) */
 752:Drivers/CMSIS/Include/cmsis_gcc.h **** 
 753:Drivers/CMSIS/Include/cmsis_gcc.h **** 
 754:Drivers/CMSIS/Include/cmsis_gcc.h **** #if ((defined (__ARM_ARCH_8M_MAIN__ ) && (__ARM_ARCH_8M_MAIN__ == 1)) || \
 755:Drivers/CMSIS/Include/cmsis_gcc.h ****      (defined (__ARM_ARCH_8M_BASE__ ) && (__ARM_ARCH_8M_BASE__ == 1))    )
 756:Drivers/CMSIS/Include/cmsis_gcc.h **** /**
 757:Drivers/CMSIS/Include/cmsis_gcc.h ****   \brief   Load-Acquire (8 bit)
 758:Drivers/CMSIS/Include/cmsis_gcc.h ****   \details Executes a LDAB instruction for 8 bit value.
 759:Drivers/CMSIS/Include/cmsis_gcc.h ****   \param [in]    ptr  Pointer to data
 760:Drivers/CMSIS/Include/cmsis_gcc.h ****   \return             value of type uint8_t at (*ptr)
 761:Drivers/CMSIS/Include/cmsis_gcc.h ****  */
 762:Drivers/CMSIS/Include/cmsis_gcc.h **** __STATIC_FORCEINLINE uint8_t __LDAB(volatile uint8_t *ptr)
 763:Drivers/CMSIS/Include/cmsis_gcc.h **** {
 764:Drivers/CMSIS/Include/cmsis_gcc.h ****     uint32_t result;
 765:Drivers/CMSIS/Include/cmsis_gcc.h **** 
 766:Drivers/CMSIS/Include/cmsis_gcc.h ****    __ASM volatile ("ldab %0, %1" : "=r" (result) : "Q" (*ptr) : "memory" );
 767:Drivers/CMSIS/Include/cmsis_gcc.h ****    return ((uint8_t) result);
 768:Drivers/CMSIS/Include/cmsis_gcc.h **** }
 769:Drivers/CMSIS/Include/cmsis_gcc.h **** 
 770:Drivers/CMSIS/Include/cmsis_gcc.h **** 
 771:Drivers/CMSIS/Include/cmsis_gcc.h **** /**
 772:Drivers/CMSIS/Include/cmsis_gcc.h ****   \brief   Load-Acquire (16 bit)
 773:Drivers/CMSIS/Include/cmsis_gcc.h ****   \details Executes a LDAH instruction for 16 bit values.
 774:Drivers/CMSIS/Include/cmsis_gcc.h ****   \param [in]    ptr  Pointer to data
 775:Drivers/CMSIS/Include/cmsis_gcc.h ****   \return        value of type uint16_t at (*ptr)
 776:Drivers/CMSIS/Include/cmsis_gcc.h ****  */
 777:Drivers/CMSIS/Include/cmsis_gcc.h **** __STATIC_FORCEINLINE uint16_t __LDAH(volatile uint16_t *ptr)
 778:Drivers/CMSIS/Include/cmsis_gcc.h **** {
 779:Drivers/CMSIS/Include/cmsis_gcc.h ****     uint32_t result;
 780:Drivers/CMSIS/Include/cmsis_gcc.h **** 
 781:Drivers/CMSIS/Include/cmsis_gcc.h ****    __ASM volatile ("ldah %0, %1" : "=r" (result) : "Q" (*ptr) : "memory" );
 782:Drivers/CMSIS/Include/cmsis_gcc.h ****    return ((uint16_t) result);
 783:Drivers/CMSIS/Include/cmsis_gcc.h **** }
 784:Drivers/CMSIS/Include/cmsis_gcc.h **** 
 785:Drivers/CMSIS/Include/cmsis_gcc.h **** 
 786:Drivers/CMSIS/Include/cmsis_gcc.h **** /**
 787:Drivers/CMSIS/Include/cmsis_gcc.h ****   \brief   Load-Acquire (32 bit)
 788:Drivers/CMSIS/Include/cmsis_gcc.h ****   \details Executes a LDA instruction for 32 bit values.
 789:Drivers/CMSIS/Include/cmsis_gcc.h ****   \param [in]    ptr  Pointer to data
 790:Drivers/CMSIS/Include/cmsis_gcc.h ****   \return        value of type uint32_t at (*ptr)
 791:Drivers/CMSIS/Include/cmsis_gcc.h ****  */
 792:Drivers/CMSIS/Include/cmsis_gcc.h **** __STATIC_FORCEINLINE uint32_t __LDA(volatile uint32_t *ptr)
 793:Drivers/CMSIS/Include/cmsis_gcc.h **** {
 794:Drivers/CMSIS/Include/cmsis_gcc.h ****     uint32_t result;
 795:Drivers/CMSIS/Include/cmsis_gcc.h **** 
 796:Drivers/CMSIS/Include/cmsis_gcc.h ****    __ASM volatile ("lda %0, %1" : "=r" (result) : "Q" (*ptr) : "memory" );
 797:Drivers/CMSIS/Include/cmsis_gcc.h ****    return(result);
 798:Drivers/CMSIS/Include/cmsis_gcc.h **** }
 799:Drivers/CMSIS/Include/cmsis_gcc.h **** 
 800:Drivers/CMSIS/Include/cmsis_gcc.h **** 
 801:Drivers/CMSIS/Include/cmsis_gcc.h **** /**
 802:Drivers/CMSIS/Include/cmsis_gcc.h ****   \brief   Store-Release (8 bit)
ARM GAS  /var/folders/np/cy0ytwg113sbchhj8slf0nc00000gn/T//ccTdDOwl.s 			page 29


 803:Drivers/CMSIS/Include/cmsis_gcc.h ****   \details Executes a STLB instruction for 8 bit values.
 804:Drivers/CMSIS/Include/cmsis_gcc.h ****   \param [in]  value  Value to store
 805:Drivers/CMSIS/Include/cmsis_gcc.h ****   \param [in]    ptr  Pointer to location
 806:Drivers/CMSIS/Include/cmsis_gcc.h ****  */
 807:Drivers/CMSIS/Include/cmsis_gcc.h **** __STATIC_FORCEINLINE void __STLB(uint8_t value, volatile uint8_t *ptr)
 808:Drivers/CMSIS/Include/cmsis_gcc.h **** {
 809:Drivers/CMSIS/Include/cmsis_gcc.h ****    __ASM volatile ("stlb %1, %0" : "=Q" (*ptr) : "r" ((uint32_t)value) : "memory" );
 810:Drivers/CMSIS/Include/cmsis_gcc.h **** }
 811:Drivers/CMSIS/Include/cmsis_gcc.h **** 
 812:Drivers/CMSIS/Include/cmsis_gcc.h **** 
 813:Drivers/CMSIS/Include/cmsis_gcc.h **** /**
 814:Drivers/CMSIS/Include/cmsis_gcc.h ****   \brief   Store-Release (16 bit)
 815:Drivers/CMSIS/Include/cmsis_gcc.h ****   \details Executes a STLH instruction for 16 bit values.
 816:Drivers/CMSIS/Include/cmsis_gcc.h ****   \param [in]  value  Value to store
 817:Drivers/CMSIS/Include/cmsis_gcc.h ****   \param [in]    ptr  Pointer to location
 818:Drivers/CMSIS/Include/cmsis_gcc.h ****  */
 819:Drivers/CMSIS/Include/cmsis_gcc.h **** __STATIC_FORCEINLINE void __STLH(uint16_t value, volatile uint16_t *ptr)
 820:Drivers/CMSIS/Include/cmsis_gcc.h **** {
 821:Drivers/CMSIS/Include/cmsis_gcc.h ****    __ASM volatile ("stlh %1, %0" : "=Q" (*ptr) : "r" ((uint32_t)value) : "memory" );
 822:Drivers/CMSIS/Include/cmsis_gcc.h **** }
 823:Drivers/CMSIS/Include/cmsis_gcc.h **** 
 824:Drivers/CMSIS/Include/cmsis_gcc.h **** 
 825:Drivers/CMSIS/Include/cmsis_gcc.h **** /**
 826:Drivers/CMSIS/Include/cmsis_gcc.h ****   \brief   Store-Release (32 bit)
 827:Drivers/CMSIS/Include/cmsis_gcc.h ****   \details Executes a STL instruction for 32 bit values.
 828:Drivers/CMSIS/Include/cmsis_gcc.h ****   \param [in]  value  Value to store
 829:Drivers/CMSIS/Include/cmsis_gcc.h ****   \param [in]    ptr  Pointer to location
 830:Drivers/CMSIS/Include/cmsis_gcc.h ****  */
 831:Drivers/CMSIS/Include/cmsis_gcc.h **** __STATIC_FORCEINLINE void __STL(uint32_t value, volatile uint32_t *ptr)
 832:Drivers/CMSIS/Include/cmsis_gcc.h **** {
 833:Drivers/CMSIS/Include/cmsis_gcc.h ****    __ASM volatile ("stl %1, %0" : "=Q" (*ptr) : "r" ((uint32_t)value) : "memory" );
 834:Drivers/CMSIS/Include/cmsis_gcc.h **** }
 835:Drivers/CMSIS/Include/cmsis_gcc.h **** 
 836:Drivers/CMSIS/Include/cmsis_gcc.h **** 
 837:Drivers/CMSIS/Include/cmsis_gcc.h **** /**
 838:Drivers/CMSIS/Include/cmsis_gcc.h ****   \brief   Load-Acquire Exclusive (8 bit)
 839:Drivers/CMSIS/Include/cmsis_gcc.h ****   \details Executes a LDAB exclusive instruction for 8 bit value.
 840:Drivers/CMSIS/Include/cmsis_gcc.h ****   \param [in]    ptr  Pointer to data
 841:Drivers/CMSIS/Include/cmsis_gcc.h ****   \return             value of type uint8_t at (*ptr)
 842:Drivers/CMSIS/Include/cmsis_gcc.h ****  */
 843:Drivers/CMSIS/Include/cmsis_gcc.h **** __STATIC_FORCEINLINE uint8_t __LDAEXB(volatile uint8_t *ptr)
 844:Drivers/CMSIS/Include/cmsis_gcc.h **** {
 845:Drivers/CMSIS/Include/cmsis_gcc.h ****     uint32_t result;
 846:Drivers/CMSIS/Include/cmsis_gcc.h **** 
 847:Drivers/CMSIS/Include/cmsis_gcc.h ****    __ASM volatile ("ldaexb %0, %1" : "=r" (result) : "Q" (*ptr) : "memory" );
 848:Drivers/CMSIS/Include/cmsis_gcc.h ****    return ((uint8_t) result);
 849:Drivers/CMSIS/Include/cmsis_gcc.h **** }
 850:Drivers/CMSIS/Include/cmsis_gcc.h **** 
 851:Drivers/CMSIS/Include/cmsis_gcc.h **** 
 852:Drivers/CMSIS/Include/cmsis_gcc.h **** /**
 853:Drivers/CMSIS/Include/cmsis_gcc.h ****   \brief   Load-Acquire Exclusive (16 bit)
 854:Drivers/CMSIS/Include/cmsis_gcc.h ****   \details Executes a LDAH exclusive instruction for 16 bit values.
 855:Drivers/CMSIS/Include/cmsis_gcc.h ****   \param [in]    ptr  Pointer to data
 856:Drivers/CMSIS/Include/cmsis_gcc.h ****   \return        value of type uint16_t at (*ptr)
 857:Drivers/CMSIS/Include/cmsis_gcc.h ****  */
 858:Drivers/CMSIS/Include/cmsis_gcc.h **** __STATIC_FORCEINLINE uint16_t __LDAEXH(volatile uint16_t *ptr)
 859:Drivers/CMSIS/Include/cmsis_gcc.h **** {
ARM GAS  /var/folders/np/cy0ytwg113sbchhj8slf0nc00000gn/T//ccTdDOwl.s 			page 30


 860:Drivers/CMSIS/Include/cmsis_gcc.h ****     uint32_t result;
 861:Drivers/CMSIS/Include/cmsis_gcc.h **** 
 862:Drivers/CMSIS/Include/cmsis_gcc.h ****    __ASM volatile ("ldaexh %0, %1" : "=r" (result) : "Q" (*ptr) : "memory" );
 863:Drivers/CMSIS/Include/cmsis_gcc.h ****    return ((uint16_t) result);
 864:Drivers/CMSIS/Include/cmsis_gcc.h **** }
 865:Drivers/CMSIS/Include/cmsis_gcc.h **** 
 866:Drivers/CMSIS/Include/cmsis_gcc.h **** 
 867:Drivers/CMSIS/Include/cmsis_gcc.h **** /**
 868:Drivers/CMSIS/Include/cmsis_gcc.h ****   \brief   Load-Acquire Exclusive (32 bit)
 869:Drivers/CMSIS/Include/cmsis_gcc.h ****   \details Executes a LDA exclusive instruction for 32 bit values.
 870:Drivers/CMSIS/Include/cmsis_gcc.h ****   \param [in]    ptr  Pointer to data
 871:Drivers/CMSIS/Include/cmsis_gcc.h ****   \return        value of type uint32_t at (*ptr)
 872:Drivers/CMSIS/Include/cmsis_gcc.h ****  */
 873:Drivers/CMSIS/Include/cmsis_gcc.h **** __STATIC_FORCEINLINE uint32_t __LDAEX(volatile uint32_t *ptr)
 874:Drivers/CMSIS/Include/cmsis_gcc.h **** {
 875:Drivers/CMSIS/Include/cmsis_gcc.h ****     uint32_t result;
 876:Drivers/CMSIS/Include/cmsis_gcc.h **** 
 877:Drivers/CMSIS/Include/cmsis_gcc.h ****    __ASM volatile ("ldaex %0, %1" : "=r" (result) : "Q" (*ptr) : "memory" );
 878:Drivers/CMSIS/Include/cmsis_gcc.h ****    return(result);
 879:Drivers/CMSIS/Include/cmsis_gcc.h **** }
 880:Drivers/CMSIS/Include/cmsis_gcc.h **** 
 881:Drivers/CMSIS/Include/cmsis_gcc.h **** 
 882:Drivers/CMSIS/Include/cmsis_gcc.h **** /**
 883:Drivers/CMSIS/Include/cmsis_gcc.h ****   \brief   Store-Release Exclusive (8 bit)
 884:Drivers/CMSIS/Include/cmsis_gcc.h ****   \details Executes a STLB exclusive instruction for 8 bit values.
 885:Drivers/CMSIS/Include/cmsis_gcc.h ****   \param [in]  value  Value to store
 886:Drivers/CMSIS/Include/cmsis_gcc.h ****   \param [in]    ptr  Pointer to location
 887:Drivers/CMSIS/Include/cmsis_gcc.h ****   \return          0  Function succeeded
 888:Drivers/CMSIS/Include/cmsis_gcc.h ****   \return          1  Function failed
 889:Drivers/CMSIS/Include/cmsis_gcc.h ****  */
 890:Drivers/CMSIS/Include/cmsis_gcc.h **** __STATIC_FORCEINLINE uint32_t __STLEXB(uint8_t value, volatile uint8_t *ptr)
 891:Drivers/CMSIS/Include/cmsis_gcc.h **** {
 892:Drivers/CMSIS/Include/cmsis_gcc.h ****    uint32_t result;
 893:Drivers/CMSIS/Include/cmsis_gcc.h **** 
 894:Drivers/CMSIS/Include/cmsis_gcc.h ****    __ASM volatile ("stlexb %0, %2, %1" : "=&r" (result), "=Q" (*ptr) : "r" ((uint32_t)value) : "mem
 895:Drivers/CMSIS/Include/cmsis_gcc.h ****    return(result);
 896:Drivers/CMSIS/Include/cmsis_gcc.h **** }
 897:Drivers/CMSIS/Include/cmsis_gcc.h **** 
 898:Drivers/CMSIS/Include/cmsis_gcc.h **** 
 899:Drivers/CMSIS/Include/cmsis_gcc.h **** /**
 900:Drivers/CMSIS/Include/cmsis_gcc.h ****   \brief   Store-Release Exclusive (16 bit)
 901:Drivers/CMSIS/Include/cmsis_gcc.h ****   \details Executes a STLH exclusive instruction for 16 bit values.
 902:Drivers/CMSIS/Include/cmsis_gcc.h ****   \param [in]  value  Value to store
 903:Drivers/CMSIS/Include/cmsis_gcc.h ****   \param [in]    ptr  Pointer to location
 904:Drivers/CMSIS/Include/cmsis_gcc.h ****   \return          0  Function succeeded
 905:Drivers/CMSIS/Include/cmsis_gcc.h ****   \return          1  Function failed
 906:Drivers/CMSIS/Include/cmsis_gcc.h ****  */
 907:Drivers/CMSIS/Include/cmsis_gcc.h **** __STATIC_FORCEINLINE uint32_t __STLEXH(uint16_t value, volatile uint16_t *ptr)
 908:Drivers/CMSIS/Include/cmsis_gcc.h **** {
 909:Drivers/CMSIS/Include/cmsis_gcc.h ****    uint32_t result;
 910:Drivers/CMSIS/Include/cmsis_gcc.h **** 
 911:Drivers/CMSIS/Include/cmsis_gcc.h ****    __ASM volatile ("stlexh %0, %2, %1" : "=&r" (result), "=Q" (*ptr) : "r" ((uint32_t)value) : "mem
 912:Drivers/CMSIS/Include/cmsis_gcc.h ****    return(result);
 913:Drivers/CMSIS/Include/cmsis_gcc.h **** }
 914:Drivers/CMSIS/Include/cmsis_gcc.h **** 
 915:Drivers/CMSIS/Include/cmsis_gcc.h **** 
 916:Drivers/CMSIS/Include/cmsis_gcc.h **** /**
ARM GAS  /var/folders/np/cy0ytwg113sbchhj8slf0nc00000gn/T//ccTdDOwl.s 			page 31


 917:Drivers/CMSIS/Include/cmsis_gcc.h ****   \brief   Store-Release Exclusive (32 bit)
 918:Drivers/CMSIS/Include/cmsis_gcc.h ****   \details Executes a STL exclusive instruction for 32 bit values.
 919:Drivers/CMSIS/Include/cmsis_gcc.h ****   \param [in]  value  Value to store
 920:Drivers/CMSIS/Include/cmsis_gcc.h ****   \param [in]    ptr  Pointer to location
 921:Drivers/CMSIS/Include/cmsis_gcc.h ****   \return          0  Function succeeded
 922:Drivers/CMSIS/Include/cmsis_gcc.h ****   \return          1  Function failed
 923:Drivers/CMSIS/Include/cmsis_gcc.h ****  */
 924:Drivers/CMSIS/Include/cmsis_gcc.h **** __STATIC_FORCEINLINE uint32_t __STLEX(uint32_t value, volatile uint32_t *ptr)
 925:Drivers/CMSIS/Include/cmsis_gcc.h **** {
 926:Drivers/CMSIS/Include/cmsis_gcc.h ****    uint32_t result;
 927:Drivers/CMSIS/Include/cmsis_gcc.h **** 
 928:Drivers/CMSIS/Include/cmsis_gcc.h ****    __ASM volatile ("stlex %0, %2, %1" : "=&r" (result), "=Q" (*ptr) : "r" ((uint32_t)value) : "memo
 929:Drivers/CMSIS/Include/cmsis_gcc.h ****    return(result);
 930:Drivers/CMSIS/Include/cmsis_gcc.h **** }
 931:Drivers/CMSIS/Include/cmsis_gcc.h **** 
 932:Drivers/CMSIS/Include/cmsis_gcc.h **** #endif /* ((defined (__ARM_ARCH_8M_MAIN__ ) && (__ARM_ARCH_8M_MAIN__ == 1)) || \
 933:Drivers/CMSIS/Include/cmsis_gcc.h ****            (defined (__ARM_ARCH_8M_BASE__ ) && (__ARM_ARCH_8M_BASE__ == 1))    ) */
 934:Drivers/CMSIS/Include/cmsis_gcc.h **** 
 935:Drivers/CMSIS/Include/cmsis_gcc.h **** /*@}*/ /* end of group CMSIS_Core_InstructionInterface */
 936:Drivers/CMSIS/Include/cmsis_gcc.h **** 
 937:Drivers/CMSIS/Include/cmsis_gcc.h **** 
 938:Drivers/CMSIS/Include/cmsis_gcc.h **** /* ###########################  Core Function Access  ########################### */
 939:Drivers/CMSIS/Include/cmsis_gcc.h **** /** \ingroup  CMSIS_Core_FunctionInterface
 940:Drivers/CMSIS/Include/cmsis_gcc.h ****     \defgroup CMSIS_Core_RegAccFunctions CMSIS Core Register Access Functions
 941:Drivers/CMSIS/Include/cmsis_gcc.h ****   @{
 942:Drivers/CMSIS/Include/cmsis_gcc.h ****  */
 943:Drivers/CMSIS/Include/cmsis_gcc.h **** 
 944:Drivers/CMSIS/Include/cmsis_gcc.h **** /**
 945:Drivers/CMSIS/Include/cmsis_gcc.h ****   \brief   Enable IRQ Interrupts
 946:Drivers/CMSIS/Include/cmsis_gcc.h ****   \details Enables IRQ interrupts by clearing special-purpose register PRIMASK.
 947:Drivers/CMSIS/Include/cmsis_gcc.h ****            Can only be executed in Privileged modes.
 948:Drivers/CMSIS/Include/cmsis_gcc.h ****  */
 949:Drivers/CMSIS/Include/cmsis_gcc.h **** __STATIC_FORCEINLINE void __enable_irq(void)
 950:Drivers/CMSIS/Include/cmsis_gcc.h **** {
 951:Drivers/CMSIS/Include/cmsis_gcc.h ****   __ASM volatile ("cpsie i" : : : "memory");
 952:Drivers/CMSIS/Include/cmsis_gcc.h **** }
 953:Drivers/CMSIS/Include/cmsis_gcc.h **** 
 954:Drivers/CMSIS/Include/cmsis_gcc.h **** 
 955:Drivers/CMSIS/Include/cmsis_gcc.h **** /**
 956:Drivers/CMSIS/Include/cmsis_gcc.h ****   \brief   Disable IRQ Interrupts
 957:Drivers/CMSIS/Include/cmsis_gcc.h ****   \details Disables IRQ interrupts by setting special-purpose register PRIMASK.
 958:Drivers/CMSIS/Include/cmsis_gcc.h ****            Can only be executed in Privileged modes.
 959:Drivers/CMSIS/Include/cmsis_gcc.h ****  */
 960:Drivers/CMSIS/Include/cmsis_gcc.h **** __STATIC_FORCEINLINE void __disable_irq(void)
 304              		.loc 2 960 27 view .LVU62
 305              	.LBB9:
 961:Drivers/CMSIS/Include/cmsis_gcc.h **** {
 962:Drivers/CMSIS/Include/cmsis_gcc.h ****   __ASM volatile ("cpsid i" : : : "memory");
 306              		.loc 2 962 3 view .LVU63
 307              		.syntax unified
 308              	@ 962 "Drivers/CMSIS/Include/cmsis_gcc.h" 1
 309 0000 72B6     		cpsid i
 310              	@ 0 "" 2
 311              		.thumb
 312              		.syntax unified
 313              	.L12:
 314              	.LBE9:
ARM GAS  /var/folders/np/cy0ytwg113sbchhj8slf0nc00000gn/T//ccTdDOwl.s 			page 32


 315              	.LBE8:
 489:Core/Src/main.c ****   while (1)
 316              		.loc 1 489 3 view .LVU64
 490:Core/Src/main.c ****   {
 491:Core/Src/main.c ****   }
 317              		.loc 1 491 3 view .LVU65
 489:Core/Src/main.c ****   while (1)
 318              		.loc 1 489 9 view .LVU66
 319 0002 FEE7     		b	.L12
 320              		.cfi_endproc
 321              	.LFE144:
 323              		.section	.text.MX_TIM2_Init,"ax",%progbits
 324              		.align	1
 325              		.syntax unified
 326              		.thumb
 327              		.thumb_func
 329              	MX_TIM2_Init:
 330              	.LFB139:
 261:Core/Src/main.c **** 
 331              		.loc 1 261 1 view -0
 332              		.cfi_startproc
 333              		@ args = 0, pretend = 0, frame = 56
 334              		@ frame_needed = 0, uses_anonymous_args = 0
 335 0000 00B5     		push	{lr}
 336              	.LCFI7:
 337              		.cfi_def_cfa_offset 4
 338              		.cfi_offset 14, -4
 339 0002 8FB0     		sub	sp, sp, #60
 340              	.LCFI8:
 341              		.cfi_def_cfa_offset 64
 267:Core/Src/main.c ****   TIM_MasterConfigTypeDef sMasterConfig = {0};
 342              		.loc 1 267 3 view .LVU68
 267:Core/Src/main.c ****   TIM_MasterConfigTypeDef sMasterConfig = {0};
 343              		.loc 1 267 26 is_stmt 0 view .LVU69
 344 0004 0023     		movs	r3, #0
 345 0006 0A93     		str	r3, [sp, #40]
 346 0008 0B93     		str	r3, [sp, #44]
 347 000a 0C93     		str	r3, [sp, #48]
 348 000c 0D93     		str	r3, [sp, #52]
 268:Core/Src/main.c ****   TIM_OC_InitTypeDef sConfigOC = {0};
 349              		.loc 1 268 3 is_stmt 1 view .LVU70
 268:Core/Src/main.c ****   TIM_OC_InitTypeDef sConfigOC = {0};
 350              		.loc 1 268 27 is_stmt 0 view .LVU71
 351 000e 0893     		str	r3, [sp, #32]
 352 0010 0993     		str	r3, [sp, #36]
 269:Core/Src/main.c **** 
 353              		.loc 1 269 3 is_stmt 1 view .LVU72
 269:Core/Src/main.c **** 
 354              		.loc 1 269 22 is_stmt 0 view .LVU73
 355 0012 0193     		str	r3, [sp, #4]
 356 0014 0293     		str	r3, [sp, #8]
 357 0016 0393     		str	r3, [sp, #12]
 358 0018 0493     		str	r3, [sp, #16]
 359 001a 0593     		str	r3, [sp, #20]
 360 001c 0693     		str	r3, [sp, #24]
 361 001e 0793     		str	r3, [sp, #28]
 274:Core/Src/main.c ****   htim2.Init.Prescaler = 0;
ARM GAS  /var/folders/np/cy0ytwg113sbchhj8slf0nc00000gn/T//ccTdDOwl.s 			page 33


 362              		.loc 1 274 3 is_stmt 1 view .LVU74
 274:Core/Src/main.c ****   htim2.Init.Prescaler = 0;
 363              		.loc 1 274 18 is_stmt 0 view .LVU75
 364 0020 3548     		ldr	r0, .L27
 365 0022 4FF08042 		mov	r2, #1073741824
 366 0026 0260     		str	r2, [r0]
 275:Core/Src/main.c ****   htim2.Init.CounterMode = TIM_COUNTERMODE_UP;
 367              		.loc 1 275 3 is_stmt 1 view .LVU76
 275:Core/Src/main.c ****   htim2.Init.CounterMode = TIM_COUNTERMODE_UP;
 368              		.loc 1 275 24 is_stmt 0 view .LVU77
 369 0028 4360     		str	r3, [r0, #4]
 276:Core/Src/main.c ****   htim2.Init.Period = 4294967295;
 370              		.loc 1 276 3 is_stmt 1 view .LVU78
 276:Core/Src/main.c ****   htim2.Init.Period = 4294967295;
 371              		.loc 1 276 26 is_stmt 0 view .LVU79
 372 002a 8360     		str	r3, [r0, #8]
 277:Core/Src/main.c ****   htim2.Init.ClockDivision = TIM_CLOCKDIVISION_DIV1;
 373              		.loc 1 277 3 is_stmt 1 view .LVU80
 277:Core/Src/main.c ****   htim2.Init.ClockDivision = TIM_CLOCKDIVISION_DIV1;
 374              		.loc 1 277 21 is_stmt 0 view .LVU81
 375 002c 4FF0FF32 		mov	r2, #-1
 376 0030 C260     		str	r2, [r0, #12]
 278:Core/Src/main.c ****   htim2.Init.AutoReloadPreload = TIM_AUTORELOAD_PRELOAD_DISABLE;
 377              		.loc 1 278 3 is_stmt 1 view .LVU82
 278:Core/Src/main.c ****   htim2.Init.AutoReloadPreload = TIM_AUTORELOAD_PRELOAD_DISABLE;
 378              		.loc 1 278 28 is_stmt 0 view .LVU83
 379 0032 0361     		str	r3, [r0, #16]
 279:Core/Src/main.c ****   if (HAL_TIM_Base_Init(&htim2) != HAL_OK)
 380              		.loc 1 279 3 is_stmt 1 view .LVU84
 279:Core/Src/main.c ****   if (HAL_TIM_Base_Init(&htim2) != HAL_OK)
 381              		.loc 1 279 32 is_stmt 0 view .LVU85
 382 0034 8361     		str	r3, [r0, #24]
 280:Core/Src/main.c ****   {
 383              		.loc 1 280 3 is_stmt 1 view .LVU86
 280:Core/Src/main.c ****   {
 384              		.loc 1 280 7 is_stmt 0 view .LVU87
 385 0036 FFF7FEFF 		bl	HAL_TIM_Base_Init
 386              	.LVL12:
 280:Core/Src/main.c ****   {
 387              		.loc 1 280 6 discriminator 1 view .LVU88
 388 003a 0028     		cmp	r0, #0
 389 003c 50D1     		bne	.L21
 284:Core/Src/main.c ****   if (HAL_TIM_ConfigClockSource(&htim2, &sClockSourceConfig) != HAL_OK)
 390              		.loc 1 284 3 is_stmt 1 view .LVU89
 284:Core/Src/main.c ****   if (HAL_TIM_ConfigClockSource(&htim2, &sClockSourceConfig) != HAL_OK)
 391              		.loc 1 284 34 is_stmt 0 view .LVU90
 392 003e 4FF48053 		mov	r3, #4096
 393 0042 0A93     		str	r3, [sp, #40]
 285:Core/Src/main.c ****   {
 394              		.loc 1 285 3 is_stmt 1 view .LVU91
 285:Core/Src/main.c ****   {
 395              		.loc 1 285 7 is_stmt 0 view .LVU92
 396 0044 0AA9     		add	r1, sp, #40
 397 0046 2C48     		ldr	r0, .L27
 398 0048 FFF7FEFF 		bl	HAL_TIM_ConfigClockSource
 399              	.LVL13:
 285:Core/Src/main.c ****   {
ARM GAS  /var/folders/np/cy0ytwg113sbchhj8slf0nc00000gn/T//ccTdDOwl.s 			page 34


 400              		.loc 1 285 6 discriminator 1 view .LVU93
 401 004c 0028     		cmp	r0, #0
 402 004e 49D1     		bne	.L22
 289:Core/Src/main.c ****   {
 403              		.loc 1 289 3 is_stmt 1 view .LVU94
 289:Core/Src/main.c ****   {
 404              		.loc 1 289 7 is_stmt 0 view .LVU95
 405 0050 2948     		ldr	r0, .L27
 406 0052 FFF7FEFF 		bl	HAL_TIM_OC_Init
 407              	.LVL14:
 289:Core/Src/main.c ****   {
 408              		.loc 1 289 6 discriminator 1 view .LVU96
 409 0056 0028     		cmp	r0, #0
 410 0058 46D1     		bne	.L23
 293:Core/Src/main.c ****   sMasterConfig.MasterSlaveMode = TIM_MASTERSLAVEMODE_DISABLE;
 411              		.loc 1 293 3 is_stmt 1 view .LVU97
 293:Core/Src/main.c ****   sMasterConfig.MasterSlaveMode = TIM_MASTERSLAVEMODE_DISABLE;
 412              		.loc 1 293 37 is_stmt 0 view .LVU98
 413 005a 0023     		movs	r3, #0
 414 005c 0893     		str	r3, [sp, #32]
 294:Core/Src/main.c ****   if (HAL_TIMEx_MasterConfigSynchronization(&htim2, &sMasterConfig) != HAL_OK)
 415              		.loc 1 294 3 is_stmt 1 view .LVU99
 294:Core/Src/main.c ****   if (HAL_TIMEx_MasterConfigSynchronization(&htim2, &sMasterConfig) != HAL_OK)
 416              		.loc 1 294 33 is_stmt 0 view .LVU100
 417 005e 0993     		str	r3, [sp, #36]
 295:Core/Src/main.c ****   {
 418              		.loc 1 295 3 is_stmt 1 view .LVU101
 295:Core/Src/main.c ****   {
 419              		.loc 1 295 7 is_stmt 0 view .LVU102
 420 0060 08A9     		add	r1, sp, #32
 421 0062 2548     		ldr	r0, .L27
 422 0064 FFF7FEFF 		bl	HAL_TIMEx_MasterConfigSynchronization
 423              	.LVL15:
 295:Core/Src/main.c ****   {
 424              		.loc 1 295 6 discriminator 1 view .LVU103
 425 0068 0028     		cmp	r0, #0
 426 006a 3FD1     		bne	.L24
 299:Core/Src/main.c ****   sConfigOC.Pulse = 0;
 427              		.loc 1 299 3 is_stmt 1 view .LVU104
 299:Core/Src/main.c ****   sConfigOC.Pulse = 0;
 428              		.loc 1 299 20 is_stmt 0 view .LVU105
 429 006c 0022     		movs	r2, #0
 430 006e 0192     		str	r2, [sp, #4]
 300:Core/Src/main.c ****   sConfigOC.OCPolarity = TIM_OCPOLARITY_HIGH;
 431              		.loc 1 300 3 is_stmt 1 view .LVU106
 300:Core/Src/main.c ****   sConfigOC.OCPolarity = TIM_OCPOLARITY_HIGH;
 432              		.loc 1 300 19 is_stmt 0 view .LVU107
 433 0070 0292     		str	r2, [sp, #8]
 301:Core/Src/main.c ****   sConfigOC.OCFastMode = TIM_OCFAST_DISABLE;
 434              		.loc 1 301 3 is_stmt 1 view .LVU108
 301:Core/Src/main.c ****   sConfigOC.OCFastMode = TIM_OCFAST_DISABLE;
 435              		.loc 1 301 24 is_stmt 0 view .LVU109
 436 0072 0392     		str	r2, [sp, #12]
 302:Core/Src/main.c ****   if (HAL_TIM_OC_ConfigChannel(&htim2, &sConfigOC, TIM_CHANNEL_1) != HAL_OK)
 437              		.loc 1 302 3 is_stmt 1 view .LVU110
 302:Core/Src/main.c ****   if (HAL_TIM_OC_ConfigChannel(&htim2, &sConfigOC, TIM_CHANNEL_1) != HAL_OK)
 438              		.loc 1 302 24 is_stmt 0 view .LVU111
ARM GAS  /var/folders/np/cy0ytwg113sbchhj8slf0nc00000gn/T//ccTdDOwl.s 			page 35


 439 0074 0592     		str	r2, [sp, #20]
 303:Core/Src/main.c ****   {
 440              		.loc 1 303 3 is_stmt 1 view .LVU112
 303:Core/Src/main.c ****   {
 441              		.loc 1 303 7 is_stmt 0 view .LVU113
 442 0076 01A9     		add	r1, sp, #4
 443 0078 1F48     		ldr	r0, .L27
 444 007a FFF7FEFF 		bl	HAL_TIM_OC_ConfigChannel
 445              	.LVL16:
 303:Core/Src/main.c ****   {
 446              		.loc 1 303 6 discriminator 1 view .LVU114
 447 007e 0028     		cmp	r0, #0
 448 0080 36D1     		bne	.L25
 309:Core/Src/main.c **** 
 449              		.loc 1 309 3 is_stmt 1 view .LVU115
 450              	.LBB10:
 309:Core/Src/main.c **** 
 451              		.loc 1 309 3 view .LVU116
 452 0082 0023     		movs	r3, #0
 453 0084 0093     		str	r3, [sp]
 309:Core/Src/main.c **** 
 454              		.loc 1 309 3 view .LVU117
 455 0086 1D4A     		ldr	r2, .L27+4
 456 0088 116B     		ldr	r1, [r2, #48]
 457 008a 41F40011 		orr	r1, r1, #2097152
 458 008e 1163     		str	r1, [r2, #48]
 309:Core/Src/main.c **** 
 459              		.loc 1 309 3 view .LVU118
 460 0090 126B     		ldr	r2, [r2, #48]
 461 0092 02F40012 		and	r2, r2, #2097152
 462 0096 0092     		str	r2, [sp]
 309:Core/Src/main.c **** 
 463              		.loc 1 309 3 view .LVU119
 464 0098 009A     		ldr	r2, [sp]
 465              	.LBE10:
 309:Core/Src/main.c **** 
 466              		.loc 1 309 3 view .LVU120
 311:Core/Src/main.c ****   hdma_tim2_ch1.Init.Channel = DMA_CHANNEL_3;         // TIM2_CH1 is on channel 3
 467              		.loc 1 311 3 view .LVU121
 311:Core/Src/main.c ****   hdma_tim2_ch1.Init.Channel = DMA_CHANNEL_3;         // TIM2_CH1 is on channel 3
 468              		.loc 1 311 26 is_stmt 0 view .LVU122
 469 009a 1948     		ldr	r0, .L27+8
 470 009c 194A     		ldr	r2, .L27+12
 471 009e 0260     		str	r2, [r0]
 312:Core/Src/main.c ****   hdma_tim2_ch1.Init.Direction = DMA_MEMORY_TO_PERIPH; // Memory -> TIM3->CCR3
 472              		.loc 1 312 3 is_stmt 1 view .LVU123
 312:Core/Src/main.c ****   hdma_tim2_ch1.Init.Direction = DMA_MEMORY_TO_PERIPH; // Memory -> TIM3->CCR3
 473              		.loc 1 312 30 is_stmt 0 view .LVU124
 474 00a0 4FF0C062 		mov	r2, #100663296
 475 00a4 4260     		str	r2, [r0, #4]
 313:Core/Src/main.c ****   hdma_tim2_ch1.Init.PeriphInc = DMA_PINC_DISABLE;    // Peripheral address fixed
 476              		.loc 1 313 3 is_stmt 1 view .LVU125
 313:Core/Src/main.c ****   hdma_tim2_ch1.Init.PeriphInc = DMA_PINC_DISABLE;    // Peripheral address fixed
 477              		.loc 1 313 32 is_stmt 0 view .LVU126
 478 00a6 4022     		movs	r2, #64
 479 00a8 8260     		str	r2, [r0, #8]
 314:Core/Src/main.c ****   hdma_tim2_ch1.Init.MemInc = DMA_MINC_ENABLE;        // Memory address increments
ARM GAS  /var/folders/np/cy0ytwg113sbchhj8slf0nc00000gn/T//ccTdDOwl.s 			page 36


 480              		.loc 1 314 3 is_stmt 1 view .LVU127
 314:Core/Src/main.c ****   hdma_tim2_ch1.Init.MemInc = DMA_MINC_ENABLE;        // Memory address increments
 481              		.loc 1 314 32 is_stmt 0 view .LVU128
 482 00aa C360     		str	r3, [r0, #12]
 315:Core/Src/main.c ****   hdma_tim2_ch1.Init.PeriphDataAlignment = DMA_PDATAALIGN_WORD;
 483              		.loc 1 315 3 is_stmt 1 view .LVU129
 315:Core/Src/main.c ****   hdma_tim2_ch1.Init.PeriphDataAlignment = DMA_PDATAALIGN_WORD;
 484              		.loc 1 315 29 is_stmt 0 view .LVU130
 485 00ac 4FF48062 		mov	r2, #1024
 486 00b0 0261     		str	r2, [r0, #16]
 316:Core/Src/main.c ****   hdma_tim2_ch1.Init.MemDataAlignment = DMA_MDATAALIGN_WORD;
 487              		.loc 1 316 3 is_stmt 1 view .LVU131
 316:Core/Src/main.c ****   hdma_tim2_ch1.Init.MemDataAlignment = DMA_MDATAALIGN_WORD;
 488              		.loc 1 316 42 is_stmt 0 view .LVU132
 489 00b2 4FF48052 		mov	r2, #4096
 490 00b6 4261     		str	r2, [r0, #20]
 317:Core/Src/main.c ****   hdma_tim2_ch1.Init.Mode = DMA_CIRCULAR;            // Repeat LUT automatically
 491              		.loc 1 317 3 is_stmt 1 view .LVU133
 317:Core/Src/main.c ****   hdma_tim2_ch1.Init.Mode = DMA_CIRCULAR;            // Repeat LUT automatically
 492              		.loc 1 317 39 is_stmt 0 view .LVU134
 493 00b8 4FF48042 		mov	r2, #16384
 494 00bc 8261     		str	r2, [r0, #24]
 318:Core/Src/main.c ****   hdma_tim2_ch1.Init.Priority = DMA_PRIORITY_HIGH;
 495              		.loc 1 318 3 is_stmt 1 view .LVU135
 318:Core/Src/main.c ****   hdma_tim2_ch1.Init.Priority = DMA_PRIORITY_HIGH;
 496              		.loc 1 318 27 is_stmt 0 view .LVU136
 497 00be 4FF48072 		mov	r2, #256
 498 00c2 C261     		str	r2, [r0, #28]
 319:Core/Src/main.c ****   hdma_tim2_ch1.Init.FIFOMode = DMA_FIFOMODE_DISABLE;
 499              		.loc 1 319 3 is_stmt 1 view .LVU137
 319:Core/Src/main.c ****   hdma_tim2_ch1.Init.FIFOMode = DMA_FIFOMODE_DISABLE;
 500              		.loc 1 319 31 is_stmt 0 view .LVU138
 501 00c4 4FF40032 		mov	r2, #131072
 502 00c8 0262     		str	r2, [r0, #32]
 320:Core/Src/main.c **** 
 503              		.loc 1 320 3 is_stmt 1 view .LVU139
 320:Core/Src/main.c **** 
 504              		.loc 1 320 31 is_stmt 0 view .LVU140
 505 00ca 4362     		str	r3, [r0, #36]
 322:Core/Src/main.c ****   {
 506              		.loc 1 322 3 is_stmt 1 view .LVU141
 322:Core/Src/main.c ****   {
 507              		.loc 1 322 7 is_stmt 0 view .LVU142
 508 00cc FFF7FEFF 		bl	HAL_DMA_Init
 509              	.LVL17:
 322:Core/Src/main.c ****   {
 510              		.loc 1 322 6 discriminator 1 view .LVU143
 511 00d0 80B9     		cbnz	r0, .L26
 328:Core/Src/main.c ****   /* USER CODE END TIM2_Init 2 */
 512              		.loc 1 328 3 is_stmt 1 view .LVU144
 328:Core/Src/main.c ****   /* USER CODE END TIM2_Init 2 */
 513              		.loc 1 328 3 view .LVU145
 514 00d2 094A     		ldr	r2, .L27
 515 00d4 0A4B     		ldr	r3, .L27+8
 516 00d6 5362     		str	r3, [r2, #36]
 328:Core/Src/main.c ****   /* USER CODE END TIM2_Init 2 */
 517              		.loc 1 328 3 view .LVU146
ARM GAS  /var/folders/np/cy0ytwg113sbchhj8slf0nc00000gn/T//ccTdDOwl.s 			page 37


 518 00d8 9A63     		str	r2, [r3, #56]
 328:Core/Src/main.c ****   /* USER CODE END TIM2_Init 2 */
 519              		.loc 1 328 3 view .LVU147
 331:Core/Src/main.c **** 
 520              		.loc 1 331 1 is_stmt 0 view .LVU148
 521 00da 0FB0     		add	sp, sp, #60
 522              	.LCFI9:
 523              		.cfi_remember_state
 524              		.cfi_def_cfa_offset 4
 525              		@ sp needed
 526 00dc 5DF804FB 		ldr	pc, [sp], #4
 527              	.L21:
 528              	.LCFI10:
 529              		.cfi_restore_state
 282:Core/Src/main.c ****   }
 530              		.loc 1 282 5 is_stmt 1 view .LVU149
 531 00e0 FFF7FEFF 		bl	Error_Handler
 532              	.LVL18:
 533              	.L22:
 287:Core/Src/main.c ****   }
 534              		.loc 1 287 5 view .LVU150
 535 00e4 FFF7FEFF 		bl	Error_Handler
 536              	.LVL19:
 537              	.L23:
 291:Core/Src/main.c ****   }
 538              		.loc 1 291 5 view .LVU151
 539 00e8 FFF7FEFF 		bl	Error_Handler
 540              	.LVL20:
 541              	.L24:
 297:Core/Src/main.c ****   }
 542              		.loc 1 297 5 view .LVU152
 543 00ec FFF7FEFF 		bl	Error_Handler
 544              	.LVL21:
 545              	.L25:
 305:Core/Src/main.c ****   }
 546              		.loc 1 305 5 view .LVU153
 547 00f0 FFF7FEFF 		bl	Error_Handler
 548              	.LVL22:
 549              	.L26:
 324:Core/Src/main.c ****   }
 550              		.loc 1 324 7 view .LVU154
 551 00f4 FFF7FEFF 		bl	Error_Handler
 552              	.LVL23:
 553              	.L28:
 554              		.align	2
 555              	.L27:
 556 00f8 00000000 		.word	htim2
 557 00fc 00380240 		.word	1073887232
 558 0100 00000000 		.word	hdma_tim2_ch1
 559 0104 88600240 		.word	1073897608
 560              		.cfi_endproc
 561              	.LFE139:
 563              		.section	.text.MX_TIM3_Init,"ax",%progbits
 564              		.align	1
 565              		.syntax unified
 566              		.thumb
 567              		.thumb_func
ARM GAS  /var/folders/np/cy0ytwg113sbchhj8slf0nc00000gn/T//ccTdDOwl.s 			page 38


 569              	MX_TIM3_Init:
 570              	.LFB140:
 339:Core/Src/main.c **** 
 571              		.loc 1 339 1 view -0
 572              		.cfi_startproc
 573              		@ args = 0, pretend = 0, frame = 56
 574              		@ frame_needed = 0, uses_anonymous_args = 0
 575 0000 00B5     		push	{lr}
 576              	.LCFI11:
 577              		.cfi_def_cfa_offset 4
 578              		.cfi_offset 14, -4
 579 0002 8FB0     		sub	sp, sp, #60
 580              	.LCFI12:
 581              		.cfi_def_cfa_offset 64
 345:Core/Src/main.c ****   TIM_MasterConfigTypeDef sMasterConfig = {0};
 582              		.loc 1 345 3 view .LVU156
 345:Core/Src/main.c ****   TIM_MasterConfigTypeDef sMasterConfig = {0};
 583              		.loc 1 345 26 is_stmt 0 view .LVU157
 584 0004 0023     		movs	r3, #0
 585 0006 0A93     		str	r3, [sp, #40]
 586 0008 0B93     		str	r3, [sp, #44]
 587 000a 0C93     		str	r3, [sp, #48]
 588 000c 0D93     		str	r3, [sp, #52]
 346:Core/Src/main.c ****   TIM_OC_InitTypeDef sConfigOC = {0};
 589              		.loc 1 346 3 is_stmt 1 view .LVU158
 346:Core/Src/main.c ****   TIM_OC_InitTypeDef sConfigOC = {0};
 590              		.loc 1 346 27 is_stmt 0 view .LVU159
 591 000e 0893     		str	r3, [sp, #32]
 592 0010 0993     		str	r3, [sp, #36]
 347:Core/Src/main.c **** 
 593              		.loc 1 347 3 is_stmt 1 view .LVU160
 347:Core/Src/main.c **** 
 594              		.loc 1 347 22 is_stmt 0 view .LVU161
 595 0012 0193     		str	r3, [sp, #4]
 596 0014 0293     		str	r3, [sp, #8]
 597 0016 0393     		str	r3, [sp, #12]
 598 0018 0493     		str	r3, [sp, #16]
 599 001a 0593     		str	r3, [sp, #20]
 600 001c 0693     		str	r3, [sp, #24]
 601 001e 0793     		str	r3, [sp, #28]
 352:Core/Src/main.c ****   htim3.Init.Prescaler = 0;
 602              		.loc 1 352 3 is_stmt 1 view .LVU162
 352:Core/Src/main.c ****   htim3.Init.Prescaler = 0;
 603              		.loc 1 352 18 is_stmt 0 view .LVU163
 604 0020 1E48     		ldr	r0, .L41
 605 0022 1F4A     		ldr	r2, .L41+4
 606 0024 0260     		str	r2, [r0]
 353:Core/Src/main.c ****   htim3.Init.CounterMode = TIM_COUNTERMODE_UP;
 607              		.loc 1 353 3 is_stmt 1 view .LVU164
 353:Core/Src/main.c ****   htim3.Init.CounterMode = TIM_COUNTERMODE_UP;
 608              		.loc 1 353 24 is_stmt 0 view .LVU165
 609 0026 4360     		str	r3, [r0, #4]
 354:Core/Src/main.c ****   htim3.Init.Period = 65535;
 610              		.loc 1 354 3 is_stmt 1 view .LVU166
 354:Core/Src/main.c ****   htim3.Init.Period = 65535;
 611              		.loc 1 354 26 is_stmt 0 view .LVU167
 612 0028 8360     		str	r3, [r0, #8]
ARM GAS  /var/folders/np/cy0ytwg113sbchhj8slf0nc00000gn/T//ccTdDOwl.s 			page 39


 355:Core/Src/main.c ****   htim3.Init.ClockDivision = TIM_CLOCKDIVISION_DIV1;
 613              		.loc 1 355 3 is_stmt 1 view .LVU168
 355:Core/Src/main.c ****   htim3.Init.ClockDivision = TIM_CLOCKDIVISION_DIV1;
 614              		.loc 1 355 21 is_stmt 0 view .LVU169
 615 002a 4FF6FF72 		movw	r2, #65535
 616 002e C260     		str	r2, [r0, #12]
 356:Core/Src/main.c ****   htim3.Init.AutoReloadPreload = TIM_AUTORELOAD_PRELOAD_DISABLE;
 617              		.loc 1 356 3 is_stmt 1 view .LVU170
 356:Core/Src/main.c ****   htim3.Init.AutoReloadPreload = TIM_AUTORELOAD_PRELOAD_DISABLE;
 618              		.loc 1 356 28 is_stmt 0 view .LVU171
 619 0030 0361     		str	r3, [r0, #16]
 357:Core/Src/main.c ****   if (HAL_TIM_Base_Init(&htim3) != HAL_OK)
 620              		.loc 1 357 3 is_stmt 1 view .LVU172
 357:Core/Src/main.c ****   if (HAL_TIM_Base_Init(&htim3) != HAL_OK)
 621              		.loc 1 357 32 is_stmt 0 view .LVU173
 622 0032 8361     		str	r3, [r0, #24]
 358:Core/Src/main.c ****   {
 623              		.loc 1 358 3 is_stmt 1 view .LVU174
 358:Core/Src/main.c ****   {
 624              		.loc 1 358 7 is_stmt 0 view .LVU175
 625 0034 FFF7FEFF 		bl	HAL_TIM_Base_Init
 626              	.LVL24:
 358:Core/Src/main.c ****   {
 627              		.loc 1 358 6 discriminator 1 view .LVU176
 628 0038 28BB     		cbnz	r0, .L36
 362:Core/Src/main.c ****   if (HAL_TIM_ConfigClockSource(&htim3, &sClockSourceConfig) != HAL_OK)
 629              		.loc 1 362 3 is_stmt 1 view .LVU177
 362:Core/Src/main.c ****   if (HAL_TIM_ConfigClockSource(&htim3, &sClockSourceConfig) != HAL_OK)
 630              		.loc 1 362 34 is_stmt 0 view .LVU178
 631 003a 4FF48053 		mov	r3, #4096
 632 003e 0A93     		str	r3, [sp, #40]
 363:Core/Src/main.c ****   {
 633              		.loc 1 363 3 is_stmt 1 view .LVU179
 363:Core/Src/main.c ****   {
 634              		.loc 1 363 7 is_stmt 0 view .LVU180
 635 0040 0AA9     		add	r1, sp, #40
 636 0042 1648     		ldr	r0, .L41
 637 0044 FFF7FEFF 		bl	HAL_TIM_ConfigClockSource
 638              	.LVL25:
 363:Core/Src/main.c ****   {
 639              		.loc 1 363 6 discriminator 1 view .LVU181
 640 0048 F8B9     		cbnz	r0, .L37
 367:Core/Src/main.c ****   {
 641              		.loc 1 367 3 is_stmt 1 view .LVU182
 367:Core/Src/main.c ****   {
 642              		.loc 1 367 7 is_stmt 0 view .LVU183
 643 004a 1448     		ldr	r0, .L41
 644 004c FFF7FEFF 		bl	HAL_TIM_PWM_Init
 645              	.LVL26:
 367:Core/Src/main.c ****   {
 646              		.loc 1 367 6 discriminator 1 view .LVU184
 647 0050 E8B9     		cbnz	r0, .L38
 371:Core/Src/main.c ****   sMasterConfig.MasterSlaveMode = TIM_MASTERSLAVEMODE_DISABLE;
 648              		.loc 1 371 3 is_stmt 1 view .LVU185
 371:Core/Src/main.c ****   sMasterConfig.MasterSlaveMode = TIM_MASTERSLAVEMODE_DISABLE;
 649              		.loc 1 371 37 is_stmt 0 view .LVU186
 650 0052 0023     		movs	r3, #0
ARM GAS  /var/folders/np/cy0ytwg113sbchhj8slf0nc00000gn/T//ccTdDOwl.s 			page 40


 651 0054 0893     		str	r3, [sp, #32]
 372:Core/Src/main.c ****   if (HAL_TIMEx_MasterConfigSynchronization(&htim3, &sMasterConfig) != HAL_OK)
 652              		.loc 1 372 3 is_stmt 1 view .LVU187
 372:Core/Src/main.c ****   if (HAL_TIMEx_MasterConfigSynchronization(&htim3, &sMasterConfig) != HAL_OK)
 653              		.loc 1 372 33 is_stmt 0 view .LVU188
 654 0056 0993     		str	r3, [sp, #36]
 373:Core/Src/main.c ****   {
 655              		.loc 1 373 3 is_stmt 1 view .LVU189
 373:Core/Src/main.c ****   {
 656              		.loc 1 373 7 is_stmt 0 view .LVU190
 657 0058 08A9     		add	r1, sp, #32
 658 005a 1048     		ldr	r0, .L41
 659 005c FFF7FEFF 		bl	HAL_TIMEx_MasterConfigSynchronization
 660              	.LVL27:
 373:Core/Src/main.c ****   {
 661              		.loc 1 373 6 discriminator 1 view .LVU191
 662 0060 B8B9     		cbnz	r0, .L39
 377:Core/Src/main.c ****   sConfigOC.Pulse = 0;
 663              		.loc 1 377 3 is_stmt 1 view .LVU192
 377:Core/Src/main.c ****   sConfigOC.Pulse = 0;
 664              		.loc 1 377 20 is_stmt 0 view .LVU193
 665 0062 6023     		movs	r3, #96
 666 0064 0193     		str	r3, [sp, #4]
 378:Core/Src/main.c ****   sConfigOC.OCPolarity = TIM_OCPOLARITY_HIGH;
 667              		.loc 1 378 3 is_stmt 1 view .LVU194
 378:Core/Src/main.c ****   sConfigOC.OCPolarity = TIM_OCPOLARITY_HIGH;
 668              		.loc 1 378 19 is_stmt 0 view .LVU195
 669 0066 0023     		movs	r3, #0
 670 0068 0293     		str	r3, [sp, #8]
 379:Core/Src/main.c ****   sConfigOC.OCFastMode = TIM_OCFAST_DISABLE;
 671              		.loc 1 379 3 is_stmt 1 view .LVU196
 379:Core/Src/main.c ****   sConfigOC.OCFastMode = TIM_OCFAST_DISABLE;
 672              		.loc 1 379 24 is_stmt 0 view .LVU197
 673 006a 0393     		str	r3, [sp, #12]
 380:Core/Src/main.c ****   if (HAL_TIM_PWM_ConfigChannel(&htim3, &sConfigOC, TIM_CHANNEL_3) != HAL_OK)
 674              		.loc 1 380 3 is_stmt 1 view .LVU198
 380:Core/Src/main.c ****   if (HAL_TIM_PWM_ConfigChannel(&htim3, &sConfigOC, TIM_CHANNEL_3) != HAL_OK)
 675              		.loc 1 380 24 is_stmt 0 view .LVU199
 676 006c 0593     		str	r3, [sp, #20]
 381:Core/Src/main.c ****   {
 677              		.loc 1 381 3 is_stmt 1 view .LVU200
 381:Core/Src/main.c ****   {
 678              		.loc 1 381 7 is_stmt 0 view .LVU201
 679 006e 0822     		movs	r2, #8
 680 0070 01A9     		add	r1, sp, #4
 681 0072 0A48     		ldr	r0, .L41
 682 0074 FFF7FEFF 		bl	HAL_TIM_PWM_ConfigChannel
 683              	.LVL28:
 381:Core/Src/main.c ****   {
 684              		.loc 1 381 6 discriminator 1 view .LVU202
 685 0078 68B9     		cbnz	r0, .L40
 388:Core/Src/main.c **** 
 686              		.loc 1 388 3 is_stmt 1 view .LVU203
 687 007a 0848     		ldr	r0, .L41
 688 007c FFF7FEFF 		bl	HAL_TIM_MspPostInit
 689              	.LVL29:
 390:Core/Src/main.c **** 
ARM GAS  /var/folders/np/cy0ytwg113sbchhj8slf0nc00000gn/T//ccTdDOwl.s 			page 41


 690              		.loc 1 390 1 is_stmt 0 view .LVU204
 691 0080 0FB0     		add	sp, sp, #60
 692              	.LCFI13:
 693              		.cfi_remember_state
 694              		.cfi_def_cfa_offset 4
 695              		@ sp needed
 696 0082 5DF804FB 		ldr	pc, [sp], #4
 697              	.L36:
 698              	.LCFI14:
 699              		.cfi_restore_state
 360:Core/Src/main.c ****   }
 700              		.loc 1 360 5 is_stmt 1 view .LVU205
 701 0086 FFF7FEFF 		bl	Error_Handler
 702              	.LVL30:
 703              	.L37:
 365:Core/Src/main.c ****   }
 704              		.loc 1 365 5 view .LVU206
 705 008a FFF7FEFF 		bl	Error_Handler
 706              	.LVL31:
 707              	.L38:
 369:Core/Src/main.c ****   }
 708              		.loc 1 369 5 view .LVU207
 709 008e FFF7FEFF 		bl	Error_Handler
 710              	.LVL32:
 711              	.L39:
 375:Core/Src/main.c ****   }
 712              		.loc 1 375 5 view .LVU208
 713 0092 FFF7FEFF 		bl	Error_Handler
 714              	.LVL33:
 715              	.L40:
 383:Core/Src/main.c ****   }
 716              		.loc 1 383 5 view .LVU209
 717 0096 FFF7FEFF 		bl	Error_Handler
 718              	.LVL34:
 719              	.L42:
 720 009a 00BF     		.align	2
 721              	.L41:
 722 009c 00000000 		.word	htim3
 723 00a0 00040040 		.word	1073742848
 724              		.cfi_endproc
 725              	.LFE140:
 727              		.section	.text.SystemClock_Config,"ax",%progbits
 728              		.align	1
 729              		.global	SystemClock_Config
 730              		.syntax unified
 731              		.thumb
 732              		.thumb_func
 734              	SystemClock_Config:
 735              	.LFB138:
 219:Core/Src/main.c ****   RCC_OscInitTypeDef RCC_OscInitStruct = {0};
 736              		.loc 1 219 1 view -0
 737              		.cfi_startproc
 738              		@ args = 0, pretend = 0, frame = 80
 739              		@ frame_needed = 0, uses_anonymous_args = 0
 740 0000 00B5     		push	{lr}
 741              	.LCFI15:
 742              		.cfi_def_cfa_offset 4
ARM GAS  /var/folders/np/cy0ytwg113sbchhj8slf0nc00000gn/T//ccTdDOwl.s 			page 42


 743              		.cfi_offset 14, -4
 744 0002 95B0     		sub	sp, sp, #84
 745              	.LCFI16:
 746              		.cfi_def_cfa_offset 88
 220:Core/Src/main.c ****   RCC_ClkInitTypeDef RCC_ClkInitStruct = {0};
 747              		.loc 1 220 3 view .LVU211
 220:Core/Src/main.c ****   RCC_ClkInitTypeDef RCC_ClkInitStruct = {0};
 748              		.loc 1 220 22 is_stmt 0 view .LVU212
 749 0004 3422     		movs	r2, #52
 750 0006 0021     		movs	r1, #0
 751 0008 07A8     		add	r0, sp, #28
 752 000a FFF7FEFF 		bl	memset
 753              	.LVL35:
 221:Core/Src/main.c **** 
 754              		.loc 1 221 3 is_stmt 1 view .LVU213
 221:Core/Src/main.c **** 
 755              		.loc 1 221 22 is_stmt 0 view .LVU214
 756 000e 0023     		movs	r3, #0
 757 0010 0293     		str	r3, [sp, #8]
 758 0012 0393     		str	r3, [sp, #12]
 759 0014 0493     		str	r3, [sp, #16]
 760 0016 0593     		str	r3, [sp, #20]
 761 0018 0693     		str	r3, [sp, #24]
 225:Core/Src/main.c ****   __HAL_PWR_VOLTAGESCALING_CONFIG(PWR_REGULATOR_VOLTAGE_SCALE3);
 762              		.loc 1 225 3 is_stmt 1 view .LVU215
 763              	.LBB11:
 225:Core/Src/main.c ****   __HAL_PWR_VOLTAGESCALING_CONFIG(PWR_REGULATOR_VOLTAGE_SCALE3);
 764              		.loc 1 225 3 view .LVU216
 765 001a 0093     		str	r3, [sp]
 225:Core/Src/main.c ****   __HAL_PWR_VOLTAGESCALING_CONFIG(PWR_REGULATOR_VOLTAGE_SCALE3);
 766              		.loc 1 225 3 view .LVU217
 767 001c 194A     		ldr	r2, .L49
 768 001e 116C     		ldr	r1, [r2, #64]
 769 0020 41F08051 		orr	r1, r1, #268435456
 770 0024 1164     		str	r1, [r2, #64]
 225:Core/Src/main.c ****   __HAL_PWR_VOLTAGESCALING_CONFIG(PWR_REGULATOR_VOLTAGE_SCALE3);
 771              		.loc 1 225 3 view .LVU218
 772 0026 126C     		ldr	r2, [r2, #64]
 773 0028 02F08052 		and	r2, r2, #268435456
 774 002c 0092     		str	r2, [sp]
 225:Core/Src/main.c ****   __HAL_PWR_VOLTAGESCALING_CONFIG(PWR_REGULATOR_VOLTAGE_SCALE3);
 775              		.loc 1 225 3 view .LVU219
 776 002e 009A     		ldr	r2, [sp]
 777              	.LBE11:
 225:Core/Src/main.c ****   __HAL_PWR_VOLTAGESCALING_CONFIG(PWR_REGULATOR_VOLTAGE_SCALE3);
 778              		.loc 1 225 3 view .LVU220
 226:Core/Src/main.c **** 
 779              		.loc 1 226 3 view .LVU221
 780              	.LBB12:
 226:Core/Src/main.c **** 
 781              		.loc 1 226 3 view .LVU222
 782 0030 0193     		str	r3, [sp, #4]
 226:Core/Src/main.c **** 
 783              		.loc 1 226 3 view .LVU223
 784 0032 1549     		ldr	r1, .L49+4
 785 0034 0A68     		ldr	r2, [r1]
 786 0036 22F44042 		bic	r2, r2, #49152
ARM GAS  /var/folders/np/cy0ytwg113sbchhj8slf0nc00000gn/T//ccTdDOwl.s 			page 43


 787 003a 42F48042 		orr	r2, r2, #16384
 788 003e 0A60     		str	r2, [r1]
 226:Core/Src/main.c **** 
 789              		.loc 1 226 3 view .LVU224
 790 0040 0A68     		ldr	r2, [r1]
 791 0042 02F44042 		and	r2, r2, #49152
 792 0046 0192     		str	r2, [sp, #4]
 226:Core/Src/main.c **** 
 793              		.loc 1 226 3 view .LVU225
 794 0048 019A     		ldr	r2, [sp, #4]
 795              	.LBE12:
 226:Core/Src/main.c **** 
 796              		.loc 1 226 3 view .LVU226
 231:Core/Src/main.c ****   RCC_OscInitStruct.HSIState = RCC_HSI_ON;
 797              		.loc 1 231 3 view .LVU227
 231:Core/Src/main.c ****   RCC_OscInitStruct.HSIState = RCC_HSI_ON;
 798              		.loc 1 231 36 is_stmt 0 view .LVU228
 799 004a 0222     		movs	r2, #2
 800 004c 0792     		str	r2, [sp, #28]
 232:Core/Src/main.c ****   RCC_OscInitStruct.HSICalibrationValue = RCC_HSICALIBRATION_DEFAULT;
 801              		.loc 1 232 3 is_stmt 1 view .LVU229
 232:Core/Src/main.c ****   RCC_OscInitStruct.HSICalibrationValue = RCC_HSICALIBRATION_DEFAULT;
 802              		.loc 1 232 30 is_stmt 0 view .LVU230
 803 004e 0122     		movs	r2, #1
 804 0050 0A92     		str	r2, [sp, #40]
 233:Core/Src/main.c ****   RCC_OscInitStruct.PLL.PLLState = RCC_PLL_NONE;
 805              		.loc 1 233 3 is_stmt 1 view .LVU231
 233:Core/Src/main.c ****   RCC_OscInitStruct.PLL.PLLState = RCC_PLL_NONE;
 806              		.loc 1 233 41 is_stmt 0 view .LVU232
 807 0052 1022     		movs	r2, #16
 808 0054 0B92     		str	r2, [sp, #44]
 234:Core/Src/main.c ****   if (HAL_RCC_OscConfig(&RCC_OscInitStruct) != HAL_OK)
 809              		.loc 1 234 3 is_stmt 1 view .LVU233
 234:Core/Src/main.c ****   if (HAL_RCC_OscConfig(&RCC_OscInitStruct) != HAL_OK)
 810              		.loc 1 234 34 is_stmt 0 view .LVU234
 811 0056 0D93     		str	r3, [sp, #52]
 235:Core/Src/main.c ****   {
 812              		.loc 1 235 3 is_stmt 1 view .LVU235
 235:Core/Src/main.c ****   {
 813              		.loc 1 235 7 is_stmt 0 view .LVU236
 814 0058 07A8     		add	r0, sp, #28
 815 005a FFF7FEFF 		bl	HAL_RCC_OscConfig
 816              	.LVL36:
 235:Core/Src/main.c ****   {
 817              		.loc 1 235 6 discriminator 1 view .LVU237
 818 005e 68B9     		cbnz	r0, .L47
 242:Core/Src/main.c ****                               |RCC_CLOCKTYPE_PCLK1|RCC_CLOCKTYPE_PCLK2;
 819              		.loc 1 242 3 is_stmt 1 view .LVU238
 242:Core/Src/main.c ****                               |RCC_CLOCKTYPE_PCLK1|RCC_CLOCKTYPE_PCLK2;
 820              		.loc 1 242 31 is_stmt 0 view .LVU239
 821 0060 0F23     		movs	r3, #15
 822 0062 0293     		str	r3, [sp, #8]
 244:Core/Src/main.c ****   RCC_ClkInitStruct.AHBCLKDivider = RCC_SYSCLK_DIV1;
 823              		.loc 1 244 3 is_stmt 1 view .LVU240
 244:Core/Src/main.c ****   RCC_ClkInitStruct.AHBCLKDivider = RCC_SYSCLK_DIV1;
 824              		.loc 1 244 34 is_stmt 0 view .LVU241
 825 0064 0021     		movs	r1, #0
ARM GAS  /var/folders/np/cy0ytwg113sbchhj8slf0nc00000gn/T//ccTdDOwl.s 			page 44


 826 0066 0391     		str	r1, [sp, #12]
 245:Core/Src/main.c ****   RCC_ClkInitStruct.APB1CLKDivider = RCC_HCLK_DIV1;
 827              		.loc 1 245 3 is_stmt 1 view .LVU242
 245:Core/Src/main.c ****   RCC_ClkInitStruct.APB1CLKDivider = RCC_HCLK_DIV1;
 828              		.loc 1 245 35 is_stmt 0 view .LVU243
 829 0068 0491     		str	r1, [sp, #16]
 246:Core/Src/main.c ****   RCC_ClkInitStruct.APB2CLKDivider = RCC_HCLK_DIV1;
 830              		.loc 1 246 3 is_stmt 1 view .LVU244
 246:Core/Src/main.c ****   RCC_ClkInitStruct.APB2CLKDivider = RCC_HCLK_DIV1;
 831              		.loc 1 246 36 is_stmt 0 view .LVU245
 832 006a 0591     		str	r1, [sp, #20]
 247:Core/Src/main.c **** 
 833              		.loc 1 247 3 is_stmt 1 view .LVU246
 247:Core/Src/main.c **** 
 834              		.loc 1 247 36 is_stmt 0 view .LVU247
 835 006c 0691     		str	r1, [sp, #24]
 249:Core/Src/main.c ****   {
 836              		.loc 1 249 3 is_stmt 1 view .LVU248
 249:Core/Src/main.c ****   {
 837              		.loc 1 249 7 is_stmt 0 view .LVU249
 838 006e 02A8     		add	r0, sp, #8
 839 0070 FFF7FEFF 		bl	HAL_RCC_ClockConfig
 840              	.LVL37:
 249:Core/Src/main.c ****   {
 841              		.loc 1 249 6 discriminator 1 view .LVU250
 842 0074 20B9     		cbnz	r0, .L48
 253:Core/Src/main.c **** 
 843              		.loc 1 253 1 view .LVU251
 844 0076 15B0     		add	sp, sp, #84
 845              	.LCFI17:
 846              		.cfi_remember_state
 847              		.cfi_def_cfa_offset 4
 848              		@ sp needed
 849 0078 5DF804FB 		ldr	pc, [sp], #4
 850              	.L47:
 851              	.LCFI18:
 852              		.cfi_restore_state
 237:Core/Src/main.c ****   }
 853              		.loc 1 237 5 is_stmt 1 view .LVU252
 854 007c FFF7FEFF 		bl	Error_Handler
 855              	.LVL38:
 856              	.L48:
 251:Core/Src/main.c ****   }
 857              		.loc 1 251 5 view .LVU253
 858 0080 FFF7FEFF 		bl	Error_Handler
 859              	.LVL39:
 860              	.L50:
 861              		.align	2
 862              	.L49:
 863 0084 00380240 		.word	1073887232
 864 0088 00700040 		.word	1073770496
 865              		.cfi_endproc
 866              	.LFE138:
 868              		.section	.text.main,"ax",%progbits
 869              		.align	1
 870              		.global	main
 871              		.syntax unified
ARM GAS  /var/folders/np/cy0ytwg113sbchhj8slf0nc00000gn/T//ccTdDOwl.s 			page 45


 872              		.thumb
 873              		.thumb_func
 875              	main:
 876              	.LFB137:
 163:Core/Src/main.c **** 
 877              		.loc 1 163 1 view -0
 878              		.cfi_startproc
 879              		@ Volatile: function does not return.
 880              		@ args = 0, pretend = 0, frame = 0
 881              		@ frame_needed = 0, uses_anonymous_args = 0
 882 0000 08B5     		push	{r3, lr}
 883              	.LCFI19:
 884              		.cfi_def_cfa_offset 8
 885              		.cfi_offset 3, -8
 886              		.cfi_offset 14, -4
 172:Core/Src/main.c **** 
 887              		.loc 1 172 3 view .LVU255
 888 0002 FFF7FEFF 		bl	HAL_Init
 889              	.LVL40:
 179:Core/Src/main.c **** 
 890              		.loc 1 179 3 view .LVU256
 891 0006 FFF7FEFF 		bl	SystemClock_Config
 892              	.LVL41:
 186:Core/Src/main.c ****   MX_DMA_Init();
 893              		.loc 1 186 3 view .LVU257
 894 000a FFF7FEFF 		bl	MX_GPIO_Init
 895              	.LVL42:
 187:Core/Src/main.c ****   MX_TIM2_Init();
 896              		.loc 1 187 3 view .LVU258
 897 000e FFF7FEFF 		bl	MX_DMA_Init
 898              	.LVL43:
 188:Core/Src/main.c ****   MX_TIM3_Init();
 899              		.loc 1 188 3 view .LVU259
 900 0012 FFF7FEFF 		bl	MX_TIM2_Init
 901              	.LVL44:
 189:Core/Src/main.c ****   /* USER CODE BEGIN 2 */
 902              		.loc 1 189 3 view .LVU260
 903 0016 FFF7FEFF 		bl	MX_TIM3_Init
 904              	.LVL45:
 905              	.L52:
 205:Core/Src/main.c ****   {
 906              		.loc 1 205 3 view .LVU261
 210:Core/Src/main.c ****   /* USER CODE END 3 */
 907              		.loc 1 210 3 view .LVU262
 205:Core/Src/main.c ****   {
 908              		.loc 1 205 9 view .LVU263
 909 001a FEE7     		b	.L52
 910              		.cfi_endproc
 911              	.LFE137:
 913              		.global	DestAddress
 914              		.section	.data.DestAddress,"aw"
 915              		.align	2
 918              	DestAddress:
 919 0000 3C040040 		.word	1073742908
 920              		.global	TIM2_Ticks
 921              		.section	.data.TIM2_Ticks,"aw"
 922              		.align	2
ARM GAS  /var/folders/np/cy0ytwg113sbchhj8slf0nc00000gn/T//ccTdDOwl.s 			page 46


 925              	TIM2_Ticks:
 926 0000 3E000000 		.word	62
 927              		.global	Drum_LUT
 928              		.section	.bss.Drum_LUT,"aw",%nobits
 929              		.align	2
 932              	Drum_LUT:
 933 0000 00000000 		.space	4
 934              		.global	Guitar_LUT
 935              		.section	.bss.Guitar_LUT,"aw",%nobits
 936              		.align	2
 939              	Guitar_LUT:
 940 0000 00000000 		.space	4
 941              		.global	Piano_LUT
 942              		.section	.bss.Piano_LUT,"aw",%nobits
 943              		.align	2
 946              	Piano_LUT:
 947 0000 00000000 		.space	4
 948              		.global	Triangle_LUT
 949              		.section	.bss.Triangle_LUT,"aw",%nobits
 950              		.align	2
 953              	Triangle_LUT:
 954 0000 00000000 		.space	4
 955              		.global	Saw_LUT
 956              		.section	.bss.Saw_LUT,"aw",%nobits
 957              		.align	2
 960              	Saw_LUT:
 961 0000 00000000 		.space	4
 962              		.global	Sin_LUT
 963              		.section	.data.Sin_LUT,"aw"
 964              		.align	2
 967              	Sin_LUT:
 968 0000 00080000 		.word	2048
 969              		.global	hdma_tim2_ch1
 970              		.section	.bss.hdma_tim2_ch1,"aw",%nobits
 971              		.align	2
 974              	hdma_tim2_ch1:
 975 0000 00000000 		.space	96
 975      00000000 
 975      00000000 
 975      00000000 
 975      00000000 
 976              		.global	htim3
 977              		.section	.bss.htim3,"aw",%nobits
 978              		.align	2
 981              	htim3:
 982 0000 00000000 		.space	72
 982      00000000 
 982      00000000 
 982      00000000 
 982      00000000 
 983              		.global	htim2
 984              		.section	.bss.htim2,"aw",%nobits
 985              		.align	2
 988              	htim2:
 989 0000 00000000 		.space	72
 989      00000000 
 989      00000000 
ARM GAS  /var/folders/np/cy0ytwg113sbchhj8slf0nc00000gn/T//ccTdDOwl.s 			page 47


 989      00000000 
 989      00000000 
 990              		.text
 991              	.Letext0:
 992              		.file 3 "Drivers/CMSIS/Device/ST/STM32F4xx/Include/stm32f446xx.h"
 993              		.file 4 "/Applications/STM32CubeIDE.app/Contents/Eclipse/plugins/com.st.stm32cube.ide.mcu.external
 994              		.file 5 "/Applications/STM32CubeIDE.app/Contents/Eclipse/plugins/com.st.stm32cube.ide.mcu.external
 995              		.file 6 "Drivers/STM32F4xx_HAL_Driver/Inc/stm32f4xx_hal_def.h"
 996              		.file 7 "Drivers/STM32F4xx_HAL_Driver/Inc/stm32f4xx_hal_rcc_ex.h"
 997              		.file 8 "Drivers/STM32F4xx_HAL_Driver/Inc/stm32f4xx_hal_rcc.h"
 998              		.file 9 "Drivers/STM32F4xx_HAL_Driver/Inc/stm32f4xx_hal_gpio.h"
 999              		.file 10 "Drivers/STM32F4xx_HAL_Driver/Inc/stm32f4xx_hal_dma.h"
 1000              		.file 11 "Drivers/STM32F4xx_HAL_Driver/Inc/stm32f4xx_hal_tim.h"
 1001              		.file 12 "Core/Inc/main.h"
 1002              		.file 13 "Drivers/STM32F4xx_HAL_Driver/Inc/stm32f4xx_hal_tim_ex.h"
 1003              		.file 14 "Drivers/STM32F4xx_HAL_Driver/Inc/stm32f4xx_hal_cortex.h"
 1004              		.file 15 "Drivers/STM32F4xx_HAL_Driver/Inc/stm32f4xx_hal.h"
 1005              		.file 16 "<built-in>"
ARM GAS  /var/folders/np/cy0ytwg113sbchhj8slf0nc00000gn/T//ccTdDOwl.s 			page 48


DEFINED SYMBOLS
                            *ABS*:00000000 main.c
/var/folders/np/cy0ytwg113sbchhj8slf0nc00000gn/T//ccTdDOwl.s:21     .text.MX_GPIO_Init:00000000 $t
/var/folders/np/cy0ytwg113sbchhj8slf0nc00000gn/T//ccTdDOwl.s:26     .text.MX_GPIO_Init:00000000 MX_GPIO_Init
/var/folders/np/cy0ytwg113sbchhj8slf0nc00000gn/T//ccTdDOwl.s:192    .text.MX_GPIO_Init:000000d4 $d
/var/folders/np/cy0ytwg113sbchhj8slf0nc00000gn/T//ccTdDOwl.s:200    .text.MX_DMA_Init:00000000 $t
/var/folders/np/cy0ytwg113sbchhj8slf0nc00000gn/T//ccTdDOwl.s:205    .text.MX_DMA_Init:00000000 MX_DMA_Init
/var/folders/np/cy0ytwg113sbchhj8slf0nc00000gn/T//ccTdDOwl.s:254    .text.MX_DMA_Init:00000030 $d
/var/folders/np/cy0ytwg113sbchhj8slf0nc00000gn/T//ccTdDOwl.s:259    .text.EXTI0_IRQHandler:00000000 $t
/var/folders/np/cy0ytwg113sbchhj8slf0nc00000gn/T//ccTdDOwl.s:265    .text.EXTI0_IRQHandler:00000000 EXTI0_IRQHandler
/var/folders/np/cy0ytwg113sbchhj8slf0nc00000gn/T//ccTdDOwl.s:286    .text.Error_Handler:00000000 $t
/var/folders/np/cy0ytwg113sbchhj8slf0nc00000gn/T//ccTdDOwl.s:292    .text.Error_Handler:00000000 Error_Handler
/var/folders/np/cy0ytwg113sbchhj8slf0nc00000gn/T//ccTdDOwl.s:324    .text.MX_TIM2_Init:00000000 $t
/var/folders/np/cy0ytwg113sbchhj8slf0nc00000gn/T//ccTdDOwl.s:329    .text.MX_TIM2_Init:00000000 MX_TIM2_Init
/var/folders/np/cy0ytwg113sbchhj8slf0nc00000gn/T//ccTdDOwl.s:556    .text.MX_TIM2_Init:000000f8 $d
/var/folders/np/cy0ytwg113sbchhj8slf0nc00000gn/T//ccTdDOwl.s:988    .bss.htim2:00000000 htim2
/var/folders/np/cy0ytwg113sbchhj8slf0nc00000gn/T//ccTdDOwl.s:974    .bss.hdma_tim2_ch1:00000000 hdma_tim2_ch1
/var/folders/np/cy0ytwg113sbchhj8slf0nc00000gn/T//ccTdDOwl.s:564    .text.MX_TIM3_Init:00000000 $t
/var/folders/np/cy0ytwg113sbchhj8slf0nc00000gn/T//ccTdDOwl.s:569    .text.MX_TIM3_Init:00000000 MX_TIM3_Init
/var/folders/np/cy0ytwg113sbchhj8slf0nc00000gn/T//ccTdDOwl.s:722    .text.MX_TIM3_Init:0000009c $d
/var/folders/np/cy0ytwg113sbchhj8slf0nc00000gn/T//ccTdDOwl.s:981    .bss.htim3:00000000 htim3
/var/folders/np/cy0ytwg113sbchhj8slf0nc00000gn/T//ccTdDOwl.s:728    .text.SystemClock_Config:00000000 $t
/var/folders/np/cy0ytwg113sbchhj8slf0nc00000gn/T//ccTdDOwl.s:734    .text.SystemClock_Config:00000000 SystemClock_Config
/var/folders/np/cy0ytwg113sbchhj8slf0nc00000gn/T//ccTdDOwl.s:863    .text.SystemClock_Config:00000084 $d
/var/folders/np/cy0ytwg113sbchhj8slf0nc00000gn/T//ccTdDOwl.s:869    .text.main:00000000 $t
/var/folders/np/cy0ytwg113sbchhj8slf0nc00000gn/T//ccTdDOwl.s:875    .text.main:00000000 main
/var/folders/np/cy0ytwg113sbchhj8slf0nc00000gn/T//ccTdDOwl.s:918    .data.DestAddress:00000000 DestAddress
/var/folders/np/cy0ytwg113sbchhj8slf0nc00000gn/T//ccTdDOwl.s:915    .data.DestAddress:00000000 $d
/var/folders/np/cy0ytwg113sbchhj8slf0nc00000gn/T//ccTdDOwl.s:925    .data.TIM2_Ticks:00000000 TIM2_Ticks
/var/folders/np/cy0ytwg113sbchhj8slf0nc00000gn/T//ccTdDOwl.s:922    .data.TIM2_Ticks:00000000 $d
/var/folders/np/cy0ytwg113sbchhj8slf0nc00000gn/T//ccTdDOwl.s:932    .bss.Drum_LUT:00000000 Drum_LUT
/var/folders/np/cy0ytwg113sbchhj8slf0nc00000gn/T//ccTdDOwl.s:929    .bss.Drum_LUT:00000000 $d
/var/folders/np/cy0ytwg113sbchhj8slf0nc00000gn/T//ccTdDOwl.s:939    .bss.Guitar_LUT:00000000 Guitar_LUT
/var/folders/np/cy0ytwg113sbchhj8slf0nc00000gn/T//ccTdDOwl.s:936    .bss.Guitar_LUT:00000000 $d
/var/folders/np/cy0ytwg113sbchhj8slf0nc00000gn/T//ccTdDOwl.s:946    .bss.Piano_LUT:00000000 Piano_LUT
/var/folders/np/cy0ytwg113sbchhj8slf0nc00000gn/T//ccTdDOwl.s:943    .bss.Piano_LUT:00000000 $d
/var/folders/np/cy0ytwg113sbchhj8slf0nc00000gn/T//ccTdDOwl.s:953    .bss.Triangle_LUT:00000000 Triangle_LUT
/var/folders/np/cy0ytwg113sbchhj8slf0nc00000gn/T//ccTdDOwl.s:950    .bss.Triangle_LUT:00000000 $d
/var/folders/np/cy0ytwg113sbchhj8slf0nc00000gn/T//ccTdDOwl.s:960    .bss.Saw_LUT:00000000 Saw_LUT
/var/folders/np/cy0ytwg113sbchhj8slf0nc00000gn/T//ccTdDOwl.s:957    .bss.Saw_LUT:00000000 $d
/var/folders/np/cy0ytwg113sbchhj8slf0nc00000gn/T//ccTdDOwl.s:967    .data.Sin_LUT:00000000 Sin_LUT
/var/folders/np/cy0ytwg113sbchhj8slf0nc00000gn/T//ccTdDOwl.s:964    .data.Sin_LUT:00000000 $d
/var/folders/np/cy0ytwg113sbchhj8slf0nc00000gn/T//ccTdDOwl.s:971    .bss.hdma_tim2_ch1:00000000 $d
/var/folders/np/cy0ytwg113sbchhj8slf0nc00000gn/T//ccTdDOwl.s:978    .bss.htim3:00000000 $d
/var/folders/np/cy0ytwg113sbchhj8slf0nc00000gn/T//ccTdDOwl.s:985    .bss.htim2:00000000 $d

UNDEFINED SYMBOLS
HAL_GPIO_Init
HAL_GPIO_WritePin
HAL_NVIC_SetPriority
HAL_NVIC_EnableIRQ
HAL_GPIO_EXTI_IRQHandler
HAL_TIM_Base_Init
HAL_TIM_ConfigClockSource
HAL_TIM_OC_Init
HAL_TIMEx_MasterConfigSynchronization
HAL_TIM_OC_ConfigChannel
ARM GAS  /var/folders/np/cy0ytwg113sbchhj8slf0nc00000gn/T//ccTdDOwl.s 			page 49


HAL_DMA_Init
HAL_TIM_PWM_Init
HAL_TIM_PWM_ConfigChannel
HAL_TIM_MspPostInit
memset
HAL_RCC_OscConfig
HAL_RCC_ClockConfig
HAL_Init
